ComplexID_1008	ComplexID_1008
ComplexID_1104	ComplexID_1104
ComplexID_1200	ComplexID_1200
ComplexID_1296	ComplexID_1296
ComplexID_1296	ComplexID_1297
ComplexID_1296	ComplexID_1298
ComplexID_1296	ComplexID_1299
ComplexID_1328	ComplexID_1328
ComplexID_1488	ComplexID_1488
ComplexID_1488	ComplexID_1489
ComplexID_1488	ComplexID_1486
ComplexID_1488	ComplexID_1487
ComplexID_1648	ComplexID_1648
ComplexID_1648	ComplexID_1650
ComplexID_1648	ComplexID_1649
ComplexID_1680	ComplexID_1680
ComplexID_1744	ComplexID_1744
ComplexID_1744	ComplexID_1746
ComplexID_1744	ComplexID_1749
ComplexID_1744	ComplexID_1747
ComplexID_1744	ComplexID_1742
ComplexID_1744	ComplexID_1748
ComplexID_1904	ComplexID_1904
ComplexID_2064	ComplexID_2064
ComplexID_2064	ComplexID_2065
ComplexID_2064	ComplexID_851
ComplexID_2064	ComplexID_850
ComplexID_2064	ComplexID_1262
ComplexID_17	ComplexID_17
ComplexID_113	ComplexID_113
ComplexID_113	ComplexID_114
ComplexID_113	ComplexID_125
ComplexID_113	ComplexID_54
ComplexID_113	ComplexID_56
ComplexID_113	ComplexID_55
ComplexID_113	ComplexID_57
ComplexID_209	ComplexID_209
ComplexID_209	ComplexID_1579
ComplexID_209	ComplexID_1580
ComplexID_273	ComplexID_273
ComplexID_273	ComplexID_191
ComplexID_273	ComplexID_694
ComplexID_273	ComplexID_376
ComplexID_273	ComplexID_192
ComplexID_273	ComplexID_440
ComplexID_273	ComplexID_442
ComplexID_273	ComplexID_504
ComplexID_273	ComplexID_505
ComplexID_273	ComplexID_212
ComplexID_273	ComplexID_298
ComplexID_273	ComplexID_299
ComplexID_273	ComplexID_1605
ComplexID_273	ComplexID_359
ComplexID_273	ComplexID_342
ComplexID_273	ComplexID_190
ComplexID_273	ComplexID_387
ComplexID_273	ComplexID_388
ComplexID_273	ComplexID_153
ComplexID_273	ComplexID_154
ComplexID_273	ComplexID_210
ComplexID_273	ComplexID_441
ComplexID_273	ComplexID_443
ComplexID_273	ComplexID_819
ComplexID_273	ComplexID_820
ComplexID_273	ComplexID_157
ComplexID_273	ComplexID_158
ComplexID_273	ComplexID_211
ComplexID_273	ComplexID_869
ComplexID_273	ComplexID_871
ComplexID_273	ComplexID_1536
ComplexID_273	ComplexID_1535
ComplexID_273	ComplexID_1056
ComplexID_273	ComplexID_1058
ComplexID_273	ComplexID_1060
ComplexID_273	ComplexID_489
ComplexID_273	ComplexID_490
ComplexID_273	ComplexID_1247
ComplexID_273	ComplexID_1165
ComplexID_273	ComplexID_550
ComplexID_273	ComplexID_1226
ComplexID_273	ComplexID_1227
ComplexID_273	ComplexID_1053
ComplexID_273	ComplexID_1054
ComplexID_273	ComplexID_1228
ComplexID_273	ComplexID_1229
ComplexID_273	ComplexID_500
ComplexID_273	ComplexID_501
ComplexID_273	ComplexID_1051
ComplexID_273	ComplexID_1052
ComplexID_273	ComplexID_526
ComplexID_273	ComplexID_527
ComplexID_273	ComplexID_61
ComplexID_273	ComplexID_1886
ComplexID_273	ComplexID_1887
ComplexID_273	ComplexID_238
ComplexID_273	ComplexID_239
ComplexID_273	Test_ComplexID_1812
ComplexID_273	ComplexID_1811
ComplexID_273	ComplexID_289
ComplexID_337	ComplexID_337
ComplexID_337	ComplexID_338
ComplexID_401	ComplexID_401
ComplexID_433	ComplexID_433
ComplexID_433	ComplexID_432
ComplexID_497	ComplexID_497
ComplexID_529	ComplexID_529
ComplexID_529	ComplexID_531
ComplexID_529	ComplexID_530
ComplexID_529	ComplexID_532
ComplexID_561	ComplexID_561
ComplexID_753	ComplexID_753
ComplexID_753	ComplexID_754
ComplexID_913	ComplexID_913
ComplexID_913	ComplexID_915
ComplexID_913	ComplexID_914
ComplexID_913	ComplexID_916
ComplexID_977	ComplexID_977
ComplexID_977	ComplexID_980
ComplexID_977	ComplexID_976
ComplexID_977	ComplexID_979
ComplexID_977	ComplexID_985
ComplexID_977	ComplexID_986
ComplexID_977	ComplexID_978
ComplexID_977	ComplexID_981
ComplexID_1201	ComplexID_1201
ComplexID_1233	ComplexID_1233
ComplexID_1329	ComplexID_1329
ComplexID_1329	ComplexID_1330
ComplexID_1425	ComplexID_1425
ComplexID_1425	ComplexID_1426
ComplexID_1457	ComplexID_1457
ComplexID_1457	ComplexID_1458
ComplexID_1553	ComplexID_1553
ComplexID_1553	ComplexID_1551
ComplexID_1553	ComplexID_1550
ComplexID_1553	ComplexID_1552
ComplexID_1553	ComplexID_1554
ComplexID_1553	ComplexID_1555
ComplexID_1553	ComplexID_821
ComplexID_1585	ComplexID_1585
ComplexID_1585	ComplexID_1582
ComplexID_1585	ComplexID_1583
ComplexID_1585	ComplexID_1584
ComplexID_1585	ComplexID_1587
ComplexID_1585	ComplexID_1590
ComplexID_1585	ComplexID_1592
ComplexID_1585	ComplexID_1581
ComplexID_1585	ComplexID_1586
ComplexID_1585	ComplexID_1589
ComplexID_1585	ComplexID_1588
ComplexID_1585	ComplexID_1591
ComplexID_1585	ComplexID_1593
ComplexID_1681	ComplexID_1681
ComplexID_1713	ComplexID_1713
ComplexID_1713	ComplexID_1716
ComplexID_1713	ComplexID_1900
ComplexID_1713	ComplexID_1714
ComplexID_1713	ComplexID_1899
ComplexID_1713	ComplexID_1802
ComplexID_1713	ComplexID_1156
ComplexID_1905	ComplexID_1905
ComplexID_1177	ComplexID_1177
ComplexID_1177	ComplexID_1180
ComplexID_1177	ComplexID_1181
ComplexID_1177	ComplexID_1178
ComplexID_1177	ComplexID_1179
ComplexID_1177	ComplexID_1176
ComplexID_1337	ComplexID_1337
ComplexID_1337	ComplexID_1336
ComplexID_1337	ComplexID_1338
ComplexID_1369	ComplexID_1369
ComplexID_1721	ComplexID_1721
ComplexID_1753	ComplexID_1753
ComplexID_2041	ComplexID_2041
ComplexID_58	ComplexID_58
ComplexID_58	ComplexID_1490
ComplexID_58	ComplexID_1491
ComplexID_186	ComplexID_186
ComplexID_282	ComplexID_282
ComplexID_410	ComplexID_410
ComplexID_410	ComplexID_411
ComplexID_506	ComplexID_506
ComplexID_506	ComplexID_507
ComplexID_506	ComplexID_508
ComplexID_506	ComplexID_509
ComplexID_506	ComplexID_510
ComplexID_506	ComplexID_511
ComplexID_794	ComplexID_794
ComplexID_794	ComplexID_795
ComplexID_890	ComplexID_890
ComplexID_890	ComplexID_891
ComplexID_954	ComplexID_954
ComplexID_1050	ComplexID_1050
ComplexID_1082	ComplexID_1082
ComplexID_1082	ComplexID_1083
ComplexID_1082	ComplexID_1549
ComplexID_1114	ComplexID_1114
ComplexID_1146	ComplexID_1146
ComplexID_1242	ComplexID_1242
ComplexID_1274	ComplexID_1274
ComplexID_1402	ComplexID_1402
ComplexID_1402	ComplexID_1403
ComplexID_1402	ComplexID_1404
ComplexID_1594	ComplexID_1594
ComplexID_1722	ComplexID_1722
ComplexID_1786	ComplexID_1786
ComplexID_1786	ComplexID_1788
ComplexID_2010	ComplexID_2010
ComplexID_2010	ComplexID_571
ComplexID_2042	ComplexID_2042
ComplexID_2042	ComplexID_2043
ComplexID_59	ComplexID_59
ComplexID_222	ComplexID_222
ComplexID_222	ComplexID_220
ComplexID_222	ComplexID_223
ComplexID_222	ComplexID_221
ComplexID_318	ComplexID_318
ComplexID_318	ComplexID_319
ComplexID_382	ComplexID_382
ComplexID_382	ComplexID_383
ComplexID_766	ComplexID_766
ComplexID_926	ComplexID_926
ComplexID_958	ComplexID_958
ComplexID_1118	ComplexID_1118
ComplexID_1118	ComplexID_1115
ComplexID_1118	ComplexID_1117
ComplexID_1118	ComplexID_1120
ComplexID_1118	ComplexID_1119
ComplexID_1118	ComplexID_1116
ComplexID_1118	ComplexID_1121
ComplexID_1182	ComplexID_1182
ComplexID_1182	ComplexID_1183
ComplexID_1214	ComplexID_1214
ComplexID_1310	ComplexID_1310
ComplexID_1342	ComplexID_1342
ComplexID_1342	ComplexID_1341
ComplexID_1374	ComplexID_1374
ComplexID_1374	ComplexID_1375
ComplexID_1470	ComplexID_1470
ComplexID_1470	ComplexID_1472
ComplexID_1470	ComplexID_1471
ComplexID_1502	ComplexID_1502
ComplexID_1502	ComplexID_1500
ComplexID_1502	ComplexID_1501
ComplexID_1598	ComplexID_1598
ComplexID_1598	ComplexID_1100
ComplexID_1598	ComplexID_1595
ComplexID_1662	ComplexID_1662
ComplexID_1790	ComplexID_1790
ComplexID_1950	ComplexID_1950
ComplexID_1950	ComplexID_1953
ComplexID_1950	ComplexID_412
ComplexID_1950	ComplexID_538
ComplexID_1950	ComplexID_1419
ComplexID_1950	ComplexID_1420
ComplexID_2078	ComplexID_2078
ComplexID_2078	ComplexID_2077
ComplexID_2078	ComplexID_1764
ComplexID_2078	ComplexID_1384
ComplexID_2078	ComplexID_1385
ComplexID_2078	ComplexID_971
ComplexID_2078	ComplexID_972
ComplexID_2110	ComplexID_2110
ComplexID_2110	ComplexID_2111
ComplexID_2110	ComplexID_2112
ComplexID_127	ComplexID_127
ComplexID_127	ComplexID_559
ComplexID_255	ComplexID_255
ComplexID_255	ComplexID_93
ComplexID_255	ComplexID_3
ComplexID_287	ComplexID_287
ComplexID_287	ComplexID_288
ComplexID_287	ComplexID_451
ComplexID_479	ComplexID_479
ComplexID_927	ComplexID_927
ComplexID_959	ComplexID_959
ComplexID_1215	ComplexID_1215
Test_ComplexID_2114	Test_ComplexID_2114
Test_ComplexID_2114	ComplexID_2115
Test_ComplexID_2114	ComplexID_2117
Test_ComplexID_2114	ComplexID_2116
Test_ComplexID_2114	Test_ComplexID_2113
Test_ComplexID_2114	ComplexID_2118
ComplexID_99	ComplexID_99
ComplexID_99	ComplexID_100
ComplexID_99	ComplexID_101
ComplexID_131	ComplexID_131
ComplexID_131	ComplexID_259
ComplexID_131	ComplexID_166
ComplexID_131	ComplexID_167
ComplexID_131	ComplexID_1096
ComplexID_131	ComplexID_1256
ComplexID_131	ComplexID_137
ComplexID_131	ComplexID_1257
ComplexID_131	ComplexID_1098
ComplexID_131	ComplexID_1099
ComplexID_131	ComplexID_47
ComplexID_131	ComplexID_1455
ComplexID_131	ComplexID_1456
ComplexID_131	ComplexID_689
ComplexID_131	ComplexID_340
ComplexID_131	ComplexID_341
ComplexID_131	ComplexID_566
ComplexID_131	ComplexID_567
ComplexID_131	ComplexID_378
ComplexID_131	ComplexID_602
ComplexID_131	ComplexID_187
ComplexID_131	ComplexID_379
ComplexID_131	ComplexID_859
ComplexID_131	ComplexID_156
ComplexID_131	ComplexID_925
ComplexID_131	ComplexID_863
ComplexID_131	ComplexID_174
ComplexID_131	ComplexID_208
ComplexID_131	ComplexID_860
ComplexID_131	ComplexID_97
ComplexID_131	ComplexID_159
ComplexID_131	ComplexID_161
ComplexID_131	ComplexID_861
ComplexID_131	ComplexID_862
ComplexID_131	ComplexID_1510
ComplexID_195	ComplexID_195
ComplexID_195	ComplexID_197
ComplexID_291	ComplexID_291
ComplexID_291	ComplexID_1334
ComplexID_419	ComplexID_419
ComplexID_419	ComplexID_420
ComplexID_419	ComplexID_421
ComplexID_547	ComplexID_547
ComplexID_547	ComplexID_548
ComplexID_579	ComplexID_579
ComplexID_579	ComplexID_580
ComplexID_579	ComplexID_578
ComplexID_611	ComplexID_611
ComplexID_675	ComplexID_675
ComplexID_867	ComplexID_867
ComplexID_963	ComplexID_963
ComplexID_995	ComplexID_995
ComplexID_995	ComplexID_996
ComplexID_995	ComplexID_997
ComplexID_1123	ComplexID_1123
ComplexID_1123	ComplexID_1125
ComplexID_1123	ComplexID_495
ComplexID_1123	ComplexID_1386
ComplexID_1123	ComplexID_1387
ComplexID_1123	ComplexID_1131
ComplexID_1123	ComplexID_1132
ComplexID_1251	ComplexID_1251
ComplexID_1251	ComplexID_1626
ComplexID_1283	ComplexID_1283
ComplexID_1283	ComplexID_1284
ComplexID_1379	ComplexID_1379
ComplexID_1475	ComplexID_1475
ComplexID_1475	ComplexID_1474
ComplexID_1667	ComplexID_1667
ComplexID_1667	ComplexID_1668
ComplexID_1795	ComplexID_1795
ComplexID_1795	ComplexID_1805
ComplexID_1827	ComplexID_1827
ComplexID_1827	ComplexID_1828
ComplexID_1859	ComplexID_1859
ComplexID_1859	ComplexID_1846
ComplexID_1859	ComplexID_1847
ComplexID_1923	ComplexID_1923
ComplexID_1923	ComplexID_1917
ComplexID_1923	ComplexID_1922
ComplexID_1923	ComplexID_1920
ComplexID_1923	ComplexID_1918
ComplexID_1987	ComplexID_1987
ComplexID_2019	ComplexID_2019
ComplexID_2051	ComplexID_2051
ComplexID_2051	ComplexID_2052
ComplexID_2051	ComplexID_2050
ComplexID_2083	ComplexID_2083
ComplexID_2083	ComplexID_2084
ComplexID_4	ComplexID_4
ComplexID_132	ComplexID_132
ComplexID_196	ComplexID_196
ComplexID_196	ComplexID_332
ComplexID_196	ComplexID_334
ComplexID_196	ComplexID_333
ComplexID_196	ComplexID_416
ComplexID_196	ComplexID_417
ComplexID_196	ComplexID_329
ComplexID_196	ComplexID_331
ComplexID_196	ComplexID_335
ComplexID_196	ComplexID_413
ComplexID_196	ComplexID_414
ComplexID_196	ComplexID_415
ComplexID_196	ComplexID_330
ComplexID_260	ComplexID_260
ComplexID_452	ComplexID_452
ComplexID_612	ComplexID_612
ComplexID_612	ComplexID_483
ComplexID_612	ComplexID_484
ComplexID_1031	ComplexID_1031
ComplexID_1063	ComplexID_1063
ComplexID_1127	ComplexID_1127
ComplexID_1127	ComplexID_1128
ComplexID_1159	ComplexID_1159
ComplexID_1287	ComplexID_1287
ComplexID_1287	ComplexID_1288
ComplexID_1383	ComplexID_1383
ComplexID_1415	ComplexID_1415
ComplexID_1511	ComplexID_1511
ComplexID_1511	ComplexID_1509
ComplexID_1543	ComplexID_1543
ComplexID_1543	ComplexID_1545
ComplexID_1543	ComplexID_1542
ComplexID_1543	ComplexID_1544
ComplexID_1543	ComplexID_1688
ComplexID_1543	ComplexID_1690
ComplexID_1543	ComplexID_1691
ComplexID_1543	ComplexID_1692
ComplexID_1543	ComplexID_1689
ComplexID_1543	ComplexID_1693
ComplexID_1831	ComplexID_1831
ComplexID_1863	ComplexID_1863
ComplexID_1959	ComplexID_1959
ComplexID_1959	ComplexID_1960
ComplexID_2023	ComplexID_2023
ComplexID_2023	ComplexID_1711
ComplexID_2023	ComplexID_1861
ComplexID_2023	ComplexID_1952
ComplexID_2023	ComplexID_1715
ComplexID_2023	ComplexID_1949
ComplexID_2023	ComplexID_1761
ComplexID_2023	ComplexID_1759
ComplexID_2023	ComplexID_1760
ComplexID_2023	ComplexID_1766
ComplexID_2023	ComplexID_1767
ComplexID_2023	ComplexID_1758
ComplexID_2023	ComplexID_1948
ComplexID_2023	ComplexID_1951
ComplexID_2023	ComplexID_1139
ComplexID_2023	ComplexID_1135
ComplexID_2023	ComplexID_1136
ComplexID_2023	ComplexID_1138
ComplexID_2023	ComplexID_1137
ComplexID_2023	ComplexID_1140
ComplexID_2087	ComplexID_2087
ComplexID_2087	ComplexID_2086
ComplexID_2119	ComplexID_2119
ComplexID_2119	ComplexID_2120
ComplexID_2119	ComplexID_2121
ComplexID_2119	ComplexID_2122
ComplexID_2119	ComplexID_2123
ComplexID_40	ComplexID_40
ComplexID_104	ComplexID_104
ComplexID_104	ComplexID_102
ComplexID_104	ComplexID_103
ComplexID_200	ComplexID_200
ComplexID_200	ComplexID_202
ComplexID_200	ComplexID_907
ComplexID_200	ComplexID_908
ComplexID_200	ComplexID_909
ComplexID_200	ComplexID_910
ComplexID_200	ComplexID_911
ComplexID_200	ComplexID_912
ComplexID_200	ComplexID_204
ComplexID_200	ComplexID_206
ComplexID_200	ComplexID_199
ComplexID_200	ComplexID_201
ComplexID_200	ComplexID_906
ComplexID_200	ComplexID_203
ComplexID_200	ComplexID_205
ComplexID_200	ComplexID_905
ComplexID_328	ComplexID_328
ComplexID_328	ComplexID_326
ComplexID_328	ComplexID_327
ComplexID_328	ComplexID_325
ComplexID_360	ComplexID_360
ComplexID_360	ComplexID_361
ComplexID_488	ComplexID_488
ComplexID_520	ComplexID_520
ComplexID_584	ComplexID_584
ComplexID_584	ComplexID_539
ComplexID_712	ComplexID_712
ComplexID_712	ComplexID_698
ComplexID_712	ComplexID_701
ComplexID_712	ComplexID_702
ComplexID_712	ComplexID_699
ComplexID_712	ComplexID_700
ComplexID_712	ComplexID_710
ComplexID_712	ComplexID_711
ComplexID_712	ComplexID_1351
ComplexID_712	ComplexID_1353
ComplexID_712	ComplexID_1352
ComplexID_808	ComplexID_808
ComplexID_808	ComplexID_810
ComplexID_808	ComplexID_809
Test_ComplexID_840	Test_ComplexID_840
ComplexID_872	ComplexID_872
ComplexID_872	ComplexID_873
ComplexID_904	ComplexID_904
ComplexID_968	ComplexID_968
ComplexID_1000	ComplexID_1000
ComplexID_1000	ComplexID_999
ComplexID_1032	ComplexID_1032
ComplexID_1320	ComplexID_1320
ComplexID_1320	ComplexID_1169
ComplexID_1320	ComplexID_1321
ComplexID_1320	ComplexID_1322
ComplexID_1320	ComplexID_1323
ComplexID_1320	ComplexID_1324
ComplexID_1320	ComplexID_1319
ComplexID_1448	ComplexID_1448
ComplexID_1448	ComplexID_1449
ComplexID_1448	ComplexID_1451
ComplexID_1448	ComplexID_1447
ComplexID_1448	ComplexID_1450
ComplexID_1480	ComplexID_1480
ComplexID_1512	ComplexID_1512
ComplexID_1576	ComplexID_1576
ComplexID_1576	ComplexID_1574
ComplexID_1576	ComplexID_1573
ComplexID_1576	ComplexID_1575
ComplexID_1640	ComplexID_1640
ComplexID_1640	ComplexID_1639
ComplexID_1800	ComplexID_1800
ComplexID_1832	ComplexID_1832
ComplexID_1992	ComplexID_1992
ComplexID_2024	ComplexID_2024
ComplexID_970	ComplexID_970
ComplexID_1066	ComplexID_1066
ComplexID_1066	ComplexID_1067
ComplexID_1130	ComplexID_1130
ComplexID_1162	ComplexID_1162
ComplexID_1162	ComplexID_1163
ComplexID_1290	ComplexID_1290
ComplexID_1290	ComplexID_1291
ComplexID_1354	ComplexID_1354
ComplexID_1514	ComplexID_1514
ComplexID_1642	ComplexID_1642
ComplexID_1738	ComplexID_1738
ComplexID_1738	ComplexID_1739
ComplexID_1834	ComplexID_1834
ComplexID_1866	ComplexID_1866
ComplexID_1866	ComplexID_1914
ComplexID_1866	ComplexID_1910
ComplexID_1866	ComplexID_1912
ComplexID_1866	ComplexID_682
ComplexID_1930	ComplexID_1930
ComplexID_1930	ComplexID_1931
ComplexID_2058	ComplexID_2058
ComplexID_11	ComplexID_11
ComplexID_11	ComplexID_12
ComplexID_11	ComplexID_35
ComplexID_11	ComplexID_34
ComplexID_107	ComplexID_107
ComplexID_107	ComplexID_108
ComplexID_491	ComplexID_491
ComplexID_491	ComplexID_493
ComplexID_555	ComplexID_555
ComplexID_587	ComplexID_587
ComplexID_587	ComplexID_588
ComplexID_587	ComplexID_589
ComplexID_587	ComplexID_463
ComplexID_587	ComplexID_464
ComplexID_587	ComplexID_465
ComplexID_587	ComplexID_466
ComplexID_619	ComplexID_619
ComplexID_619	ComplexID_620
ComplexID_651	ComplexID_651
ComplexID_683	ComplexID_683
ComplexID_683	ComplexID_685
ComplexID_683	ComplexID_684
ComplexID_683	ComplexID_686
ComplexID_747	ComplexID_747
ComplexID_747	ComplexID_750
ComplexID_747	ComplexID_749
ComplexID_747	ComplexID_746
ComplexID_747	ComplexID_748
ComplexID_1035	ComplexID_1035
ComplexID_1035	ComplexID_1037
ComplexID_1355	ComplexID_1355
ComplexID_1547	ComplexID_1547
ComplexID_1547	ComplexID_1546
ComplexID_1611	ComplexID_1611
ComplexID_1611	ComplexID_1612
ComplexID_1611	ComplexID_1842
ComplexID_1643	ComplexID_1643
ComplexID_1643	ComplexID_1645
ComplexID_1643	ComplexID_1646
ComplexID_1643	ComplexID_1647
ComplexID_1643	ComplexID_1644
ComplexID_1771	ComplexID_1771
ComplexID_1771	ComplexID_1772
ComplexID_1771	ComplexID_1773
ComplexID_1963	ComplexID_1963
ComplexID_1963	ComplexID_1965
ComplexID_1963	ComplexID_1962
ComplexID_2094	ComplexID_2094
ComplexID_2094	ComplexID_2095
ComplexID_2126	ComplexID_2126
ComplexID_2126	ComplexID_2127
ComplexID_15	ComplexID_15
ComplexID_79	ComplexID_79
ComplexID_111	ComplexID_111
ComplexID_175	ComplexID_175
ComplexID_207	ComplexID_207
ComplexID_271	ComplexID_271
ComplexID_271	ComplexID_276
ComplexID_271	ComplexID_277
ComplexID_271	ComplexID_270
ComplexID_271	ComplexID_272
ComplexID_367	ComplexID_367
ComplexID_431	ComplexID_431
ComplexID_591	ComplexID_591
ComplexID_591	ComplexID_590
ComplexID_879	ComplexID_879
ComplexID_879	ComplexID_881
ComplexID_879	ComplexID_880
ComplexID_879	ComplexID_882
ComplexID_975	ComplexID_975
ComplexID_975	ComplexID_982
ComplexID_975	ComplexID_983
ComplexID_975	ComplexID_984
ComplexID_1071	ComplexID_1071
ComplexID_1071	ComplexID_1072
ComplexID_1071	ComplexID_1076
ComplexID_1071	ComplexID_1074
ComplexID_1071	ComplexID_1073
ComplexID_1071	ComplexID_1075
ComplexID_1167	ComplexID_1167
ComplexID_1167	ComplexID_1168
ComplexID_1167	ComplexID_1043
ComplexID_1167	ComplexID_2022
ComplexID_1167	ComplexID_1569
ComplexID_1167	ComplexID_1571
ComplexID_1167	ComplexID_1042
ComplexID_1167	ComplexID_1854
ComplexID_1167	ComplexID_1568
ComplexID_1167	ComplexID_1570
ComplexID_1167	ComplexID_1853
ComplexID_1231	ComplexID_1231
ComplexID_1231	ComplexID_1232
ComplexID_1231	ComplexID_1230
ComplexID_1391	ComplexID_1391
ComplexID_1391	ComplexID_1392
ComplexID_1391	ComplexID_1393
ComplexID_1391	ComplexID_1390
ComplexID_1423	ComplexID_1423
ComplexID_1423	ComplexID_1424
ComplexID_1423	ComplexID_1422
ComplexID_1679	ComplexID_1679
ComplexID_1743	ComplexID_1743
ComplexID_1743	ComplexID_1745
ComplexID_1775	ComplexID_1775
ComplexID_1775	ComplexID_1279
ComplexID_1903	ComplexID_1903
ComplexID_1967	ComplexID_1967
ComplexID_1967	ComplexID_1969
ComplexID_1967	ComplexID_1968
ComplexID_1967	ComplexID_1970
ComplexID_2031	ComplexID_2031
ComplexID_2031	ComplexID_2033
ComplexID_2031	ComplexID_2030
ComplexID_2031	ComplexID_2032
ComplexID_2031	ComplexID_1821
ComplexID_2063	ComplexID_2063
ComplexID_16	ComplexID_16
ComplexID_48	ComplexID_48
ComplexID_48	ComplexID_49
ComplexID_80	ComplexID_80
ComplexID_112	ComplexID_112
ComplexID_112	ComplexID_1851
ComplexID_240	ComplexID_240
ComplexID_240	ComplexID_241
ComplexID_336	ComplexID_336
ComplexID_368	ComplexID_368
ComplexID_368	ComplexID_369
ComplexID_496	ComplexID_496
ComplexID_528	ComplexID_528
ComplexID_560	ComplexID_560
ComplexID_592	ComplexID_592
ComplexID_592	ComplexID_593
ComplexID_656	ComplexID_656
ComplexID_688	ComplexID_688
ComplexID_688	ComplexID_687
ComplexID_752	ComplexID_752
ComplexID_752	ComplexID_751
ComplexID_848	ComplexID_848
ComplexID_848	ComplexID_849
ComplexID_2068	ComplexID_2068
ComplexID_53	ComplexID_53
ComplexID_85	ComplexID_85
ComplexID_85	ComplexID_86
ComplexID_213	ComplexID_213
ComplexID_245	ComplexID_245
ComplexID_245	ComplexID_246
ComplexID_437	ComplexID_437
ComplexID_437	ComplexID_435
ComplexID_437	ComplexID_438
ComplexID_437	ComplexID_436
ComplexID_469	ComplexID_469
ComplexID_469	Test_ComplexID_1333
ComplexID_533	ComplexID_533
ComplexID_565	ComplexID_565
ComplexID_629	ComplexID_629
ComplexID_853	ComplexID_853
ComplexID_853	ComplexID_854
ComplexID_885	ComplexID_885
ComplexID_1045	ComplexID_1045
ComplexID_1045	ComplexID_1044
ComplexID_1077	ComplexID_1077
ComplexID_1077	ComplexID_833
ComplexID_1077	ComplexID_834
ComplexID_1141	ComplexID_1141
ComplexID_1173	ComplexID_1173
ComplexID_1173	ComplexID_1174
ComplexID_1301	ComplexID_1301
ComplexID_1301	ComplexID_1305
ComplexID_1301	ComplexID_1307
ComplexID_1301	ComplexID_1302
ComplexID_1301	ComplexID_1304
ComplexID_1301	ComplexID_1309
ComplexID_1301	ComplexID_1300
ComplexID_1301	ComplexID_1303
ComplexID_1301	ComplexID_1306
ComplexID_1301	ComplexID_1308
ComplexID_1525	ComplexID_1525
ComplexID_1525	ComplexID_1527
ComplexID_1525	ComplexID_1528
ComplexID_1525	ComplexID_1524
ComplexID_1525	ComplexID_1526
ComplexID_1621	ComplexID_1621
ComplexID_1621	ComplexID_1620
ComplexID_1717	ComplexID_1717
ComplexID_1781	ComplexID_1781
ComplexID_1909	ComplexID_1909
ComplexID_2069	ComplexID_2069
Test_ComplexID_2101	Test_ComplexID_2101
Test_ComplexID_2101	Test_ComplexID_2100
Test_ComplexID_2101	ComplexID_2090
ComplexID_22	ComplexID_22
ComplexID_214	ComplexID_214
ComplexID_278	ComplexID_278
ComplexID_470	ComplexID_470
ComplexID_502	ComplexID_502
ComplexID_534	ComplexID_534
ComplexID_630	ComplexID_630
ComplexID_630	ComplexID_632
ComplexID_630	ComplexID_631
ComplexID_630	ComplexID_633
ComplexID_758	ComplexID_758
ComplexID_790	ComplexID_790
ComplexID_822	ComplexID_822
ComplexID_822	ComplexID_725
ComplexID_886	ComplexID_886
ComplexID_886	ComplexID_887
ComplexID_886	ComplexID_928
ComplexID_886	ComplexID_929
ComplexID_918	ComplexID_918
ComplexID_918	ComplexID_919
ComplexID_918	ComplexID_917
ComplexID_950	ComplexID_950
ComplexID_950	ComplexID_951
ComplexID_950	ComplexID_952
ComplexID_950	ComplexID_953
ComplexID_1014	ComplexID_1014
ComplexID_1014	ComplexID_1015
ComplexID_1014	ComplexID_1013
ComplexID_1014	ComplexID_1016
ComplexID_1436	ComplexID_1436
ComplexID_1660	ComplexID_1660
ComplexID_1660	ComplexID_1661
ComplexID_1852	ComplexID_1852
ComplexID_2012	ComplexID_2012
ComplexID_2012	ComplexID_1782
ComplexID_2012	ComplexID_1784
ComplexID_2012	ComplexID_2013
ComplexID_2012	ComplexID_2015
ComplexID_2012	ComplexID_1916
ComplexID_2012	ComplexID_1921
ComplexID_2012	ComplexID_1915
ComplexID_2012	ComplexID_1919
ComplexID_2012	ComplexID_1924
ComplexID_2044	ComplexID_2044
ComplexID_2044	ComplexID_227
ComplexID_2044	ComplexID_228
ComplexID_2044	ComplexID_37
ComplexID_2044	ComplexID_229
ComplexID_2044	ComplexID_38
ComplexID_2044	ComplexID_39
ComplexID_2044	ComplexID_8
ComplexID_2044	ComplexID_41
ComplexID_2044	ComplexID_105
ComplexID_2044	ComplexID_42
ComplexID_2044	ComplexID_43
ComplexID_2044	ComplexID_143
ComplexID_2044	ComplexID_144
ComplexID_2044	ComplexID_145
ComplexID_2044	ComplexID_146
ComplexID_2044	ComplexID_147
ComplexID_2044	ComplexID_148
ComplexID_2044	ComplexID_149
ComplexID_2044	ComplexID_2045
ComplexID_285	ComplexID_285
ComplexID_285	ComplexID_284
ComplexID_285	ComplexID_286
ComplexID_317	ComplexID_317
ComplexID_381	ComplexID_381
ComplexID_381	ComplexID_380
ComplexID_829	ComplexID_829
ComplexID_829	ComplexID_830
ComplexID_829	ComplexID_832
ComplexID_829	ComplexID_831
ComplexID_957	ComplexID_957
ComplexID_989	ComplexID_989
ComplexID_989	ComplexID_990
ComplexID_989	ComplexID_610
ComplexID_989	ComplexID_609
ComplexID_989	ComplexID_1166
ComplexID_989	ComplexID_513
ComplexID_989	ComplexID_1046
ComplexID_1021	ComplexID_1021
ComplexID_1085	ComplexID_1085
ComplexID_1149	ComplexID_1149
ComplexID_1149	ComplexID_1152
ComplexID_1149	ComplexID_1150
ComplexID_1149	ComplexID_1151
ComplexID_1149	ComplexID_1154
ComplexID_1149	ComplexID_1155
ComplexID_1149	ComplexID_1148
ComplexID_1149	ComplexID_1153
ComplexID_1149	ComplexID_1147
ComplexID_1405	ComplexID_1405
ComplexID_1533	ComplexID_1533
ComplexID_1533	ComplexID_1534
ComplexID_1597	ComplexID_1597
ComplexID_1597	ComplexID_1596
ComplexID_1789	ComplexID_1789
ComplexID_1789	ComplexID_1787
ComplexID_1789	ComplexID_2020
ComplexID_1789	ComplexID_1864
ComplexID_1789	ComplexID_1913
ComplexID_1789	ComplexID_1911
ComplexID_1789	ComplexID_2017
ComplexID_1789	ComplexID_761
ComplexID_1789	Test_ComplexID_762
ComplexID_1981	ComplexID_1981
ComplexID_1981	ComplexID_1979
ComplexID_2109	ComplexID_2109
ComplexID_94	ComplexID_94
ComplexID_2085	ComplexID_2085
ComplexID_6	ComplexID_6
ComplexID_6	ComplexID_126
ComplexID_70	ComplexID_70
ComplexID_198	ComplexID_198
ComplexID_358	ComplexID_358
ComplexID_358	ComplexID_536
ComplexID_358	ComplexID_537
ComplexID_422	ComplexID_422
ComplexID_454	ComplexID_454
ComplexID_454	ComplexID_455
ComplexID_454	ComplexID_1078
ComplexID_454	ComplexID_634
ComplexID_454	ComplexID_1079
ComplexID_454	ComplexID_635
ComplexID_486	ComplexID_486
ComplexID_518	ComplexID_518
ComplexID_518	ComplexID_371
ComplexID_518	ComplexID_519
ComplexID_614	ComplexID_614
ComplexID_806	ComplexID_806
ComplexID_806	ComplexID_807
ComplexID_902	ComplexID_902
ComplexID_902	ComplexID_903
ComplexID_966	ComplexID_966
ComplexID_966	ComplexID_967
ComplexID_998	ComplexID_998
Test_ComplexID_1030	Test_ComplexID_1030
ComplexID_1062	ComplexID_1062
ComplexID_1254	ComplexID_1254
ComplexID_1254	ComplexID_1255
ComplexID_1350	ComplexID_1350
ComplexID_1382	ComplexID_1382
ComplexID_1414	ComplexID_1414
ComplexID_1414	ComplexID_1416
ComplexID_1414	ComplexID_1007
ComplexID_1446	ComplexID_1446
ComplexID_1446	ComplexID_1990
ComplexID_1606	ComplexID_1606
ComplexID_1606	ComplexID_1608
ComplexID_1606	ComplexID_896
ComplexID_1606	ComplexID_893
ComplexID_1606	ComplexID_897
ComplexID_1606	ComplexID_898
ComplexID_1606	ComplexID_894
ComplexID_1606	ComplexID_895
ComplexID_1606	ComplexID_1607
ComplexID_1606	ComplexID_1609
ComplexID_1606	ComplexID_1610
ComplexID_1638	ComplexID_1638
ComplexID_1798	ComplexID_1798
ComplexID_1862	ComplexID_1862
ComplexID_1894	ComplexID_1894
ComplexID_1894	ComplexID_1895
ComplexID_1894	ComplexID_1896
ComplexID_1894	ComplexID_1530
ComplexID_1894	ComplexID_1529
ComplexID_1926	ComplexID_1926
ComplexID_1926	ComplexID_1928
ComplexID_1926	ComplexID_1927
ComplexID_1926	ComplexID_1929
ComplexID_7	ComplexID_7
ComplexID_71	ComplexID_71
ComplexID_71	ComplexID_72
ComplexID_71	ComplexID_73
ComplexID_71	ComplexID_0
ComplexID_135	ComplexID_135
ComplexID_135	ComplexID_136
ComplexID_423	ComplexID_423
ComplexID_423	ComplexID_424
ComplexID_583	ComplexID_583
ComplexID_679	ComplexID_679
ComplexID_679	ComplexID_677
ComplexID_679	ComplexID_680
ComplexID_679	ComplexID_678
ComplexID_679	ComplexID_676
ComplexID_973	ComplexID_973
ComplexID_973	ComplexID_1557
ComplexID_973	ComplexID_974
ComplexID_1293	ComplexID_1293
ComplexID_1293	ComplexID_1294
ComplexID_1293	ComplexID_1295
ComplexID_1293	ComplexID_1292
ComplexID_1325	ComplexID_1325
ComplexID_1357	ComplexID_1357
ComplexID_1357	ComplexID_1359
ComplexID_1357	ComplexID_1358
ComplexID_1357	ComplexID_1360
ComplexID_1421	ComplexID_1421
ComplexID_1485	ComplexID_1485
ComplexID_1517	ComplexID_1517
ComplexID_1613	ComplexID_1613
ComplexID_1741	ComplexID_1741
ComplexID_1901	ComplexID_1901
ComplexID_1901	ComplexID_1902
ComplexID_2093	ComplexID_2093
ComplexID_14	ComplexID_14
ComplexID_46	ComplexID_46
ComplexID_142	ComplexID_142
ComplexID_302	ComplexID_302
ComplexID_302	ComplexID_306
ComplexID_302	ComplexID_303
ComplexID_302	ComplexID_307
ComplexID_302	ComplexID_304
ComplexID_302	ComplexID_308
ComplexID_302	ComplexID_305
ComplexID_302	ComplexID_309
ComplexID_302	ComplexID_310
ComplexID_302	ComplexID_311
ComplexID_366	ComplexID_366
ComplexID_654	ComplexID_654
ComplexID_654	ComplexID_655
ComplexID_878	ComplexID_878
ComplexID_1038	ComplexID_1038
ComplexID_1038	ComplexID_1039
ComplexID_1038	ComplexID_1040
ComplexID_1038	ComplexID_1041
ComplexID_1134	ComplexID_1134
ComplexID_1134	ComplexID_1133
ComplexID_1198	ComplexID_1198
ComplexID_1326	ComplexID_1326
ComplexID_1326	ComplexID_1327
ComplexID_1454	ComplexID_1454
ComplexID_1454	ComplexID_1453
ComplexID_1518	ComplexID_1518
ComplexID_1518	ComplexID_1519
ComplexID_1614	ComplexID_1614
ComplexID_1614	ComplexID_1616
ComplexID_1614	ComplexID_1615
ComplexID_1614	ComplexID_1617
ComplexID_1678	ComplexID_1678
ComplexID_1710	ComplexID_1710
ComplexID_1710	ComplexID_1704
ComplexID_1710	ComplexID_1709
ComplexID_1710	ComplexID_1705
ComplexID_1710	ComplexID_1708
ComplexID_1710	ComplexID_1703
ComplexID_1710	ComplexID_1707
ComplexID_1710	ComplexID_1706
ComplexID_1806	ComplexID_1806
ComplexID_1806	ComplexID_1804
ComplexID_1870	ComplexID_1870
ComplexID_1870	ComplexID_1872
ComplexID_1870	ComplexID_1636
ComplexID_1870	ComplexID_1874
ComplexID_1870	ComplexID_1869
ComplexID_1870	ComplexID_1871
ComplexID_1870	ComplexID_1873
ComplexID_1870	ComplexID_1633
ComplexID_1870	ComplexID_1635
ComplexID_1870	ComplexID_1637
ComplexID_1870	ComplexID_1634
ComplexID_1966	ComplexID_1966
ComplexID_1142	ComplexID_1142
ComplexID_1142	ComplexID_1145
ComplexID_1142	ComplexID_1143
ComplexID_1142	ComplexID_1144
ComplexID_1462	ComplexID_1462
ComplexID_1558	ComplexID_1558
ComplexID_1718	ComplexID_1718
ComplexID_2070	ComplexID_2070
ComplexID_2102	ComplexID_2102
ComplexID_23	ComplexID_23
ComplexID_23	ComplexID_75
ComplexID_87	ComplexID_87
ComplexID_87	ComplexID_89
ComplexID_87	ComplexID_88
ComplexID_87	ComplexID_90
ComplexID_215	ComplexID_215
ComplexID_247	ComplexID_247
ComplexID_279	ComplexID_279
ComplexID_279	ComplexID_1113
ComplexID_375	ComplexID_375
ComplexID_375	ComplexID_1858
ComplexID_375	ComplexID_1799
ComplexID_375	ComplexID_1849
ComplexID_375	ComplexID_1841
ComplexID_471	ComplexID_471
ComplexID_471	ComplexID_473
ComplexID_471	ComplexID_474
ComplexID_471	ComplexID_475
ComplexID_471	ComplexID_477
ComplexID_471	ComplexID_472
ComplexID_471	ComplexID_476
ComplexID_471	ComplexID_478
ComplexID_503	ComplexID_503
Test_ComplexID_695	Test_ComplexID_695
Test_ComplexID_695	ComplexID_1733
Test_ComplexID_695	ComplexID_1734
Test_ComplexID_695	ComplexID_1735
Test_ComplexID_695	ComplexID_1736
Test_ComplexID_695	ComplexID_1757
Test_ComplexID_695	ComplexID_696
Test_ComplexID_695	ComplexID_1340
Test_ComplexID_695	ComplexID_141
Test_ComplexID_695	ComplexID_1867
ComplexID_823	ComplexID_823
ComplexID_823	ComplexID_487
ComplexID_855	ComplexID_855
ComplexID_1047	ComplexID_1047
ComplexID_1047	ComplexID_1049
ComplexID_1047	ComplexID_1048
ComplexID_1175	ComplexID_1175
ComplexID_1335	ComplexID_1335
ComplexID_1367	ComplexID_1367
ComplexID_1367	ComplexID_1368
ComplexID_1463	ComplexID_1463
ComplexID_1463	ComplexID_1464
ComplexID_1463	ComplexID_1467
ComplexID_1463	ComplexID_1469
ComplexID_1463	ComplexID_1465
ComplexID_1463	ComplexID_1466
ComplexID_1463	ComplexID_1468
ComplexID_1655	ComplexID_1655
ComplexID_1751	ComplexID_1751
ComplexID_1751	ComplexID_1752
ComplexID_1751	ComplexID_1750
ComplexID_1815	ComplexID_1815
ComplexID_1815	ComplexID_1493
ComplexID_1815	ComplexID_1892
ComplexID_1815	ComplexID_1112
ComplexID_1879	ComplexID_1879
ComplexID_1975	ComplexID_1975
ComplexID_1975	ComplexID_1974
ComplexID_2007	ComplexID_2007
ComplexID_2007	ComplexID_1769
ComplexID_2007	ComplexID_1770
ComplexID_2071	ComplexID_2071
ComplexID_2071	ComplexID_2073
ComplexID_2071	ComplexID_2072
ComplexID_2071	ComplexID_2074
ComplexID_2103	ComplexID_2103
ComplexID_2103	ComplexID_2105
ComplexID_2103	ComplexID_2106
ComplexID_2103	ComplexID_2104
ComplexID_64	ComplexID_64
ComplexID_64	ComplexID_65
ComplexID_64	ComplexID_66
ComplexID_64	ComplexID_67
ComplexID_96	ComplexID_96
ComplexID_96	ComplexID_128
ComplexID_96	ComplexID_129
ComplexID_96	ComplexID_30
ComplexID_96	ComplexID_31
ComplexID_96	ComplexID_95
ComplexID_96	ComplexID_32
ComplexID_96	ComplexID_176
ComplexID_96	ComplexID_162
ComplexID_96	ComplexID_163
ComplexID_96	ComplexID_179
ComplexID_96	ComplexID_181
ComplexID_96	ComplexID_165
ComplexID_96	ComplexID_177
ComplexID_96	ComplexID_178
ComplexID_96	ComplexID_182
ComplexID_96	ComplexID_184
ComplexID_96	ComplexID_164
ComplexID_96	ComplexID_180
ComplexID_96	ComplexID_183
ComplexID_224	ComplexID_224
ComplexID_480	ComplexID_480
ComplexID_480	ComplexID_481
ComplexID_480	ComplexID_482
ComplexID_480	ComplexID_1064
ComplexID_480	ComplexID_1065
ComplexID_480	ComplexID_1427
ComplexID_512	ComplexID_512
ComplexID_544	ComplexID_544
ComplexID_544	ComplexID_542
ComplexID_544	ComplexID_543
ComplexID_576	ComplexID_576
ComplexID_576	ComplexID_1189
ComplexID_576	ComplexID_1191
ComplexID_576	ComplexID_456
ComplexID_576	ComplexID_457
ComplexID_576	ComplexID_1193
ComplexID_576	ComplexID_1195
ComplexID_576	ComplexID_574
ComplexID_576	ComplexID_1822
ComplexID_576	ComplexID_256
ComplexID_576	ComplexID_257
ComplexID_576	ComplexID_1190
ComplexID_576	ComplexID_1192
ComplexID_576	ComplexID_458
ComplexID_576	ComplexID_1194
ComplexID_576	ComplexID_556
ComplexID_576	ComplexID_1196
ComplexID_576	ComplexID_557
ComplexID_576	ComplexID_558
ComplexID_576	ComplexID_81
ComplexID_576	ComplexID_82
ComplexID_576	ComplexID_83
ComplexID_576	ComplexID_84
ComplexID_576	ComplexID_249
ComplexID_576	ComplexID_250
ComplexID_576	ComplexID_575
ComplexID_576	ComplexID_1823
ComplexID_768	ComplexID_768
ComplexID_768	ComplexID_767
ComplexID_800	ComplexID_800
ComplexID_800	ComplexID_801
ComplexID_800	ComplexID_796
ComplexID_800	ComplexID_798
ComplexID_800	ComplexID_797
ComplexID_800	ComplexID_799
ComplexID_960	ComplexID_960
ComplexID_1184	ComplexID_1184
ComplexID_1248	ComplexID_1248
ComplexID_1248	ComplexID_1249
ComplexID_1280	ComplexID_1280
ComplexID_1312	ComplexID_1312
ComplexID_1312	ComplexID_1311
ComplexID_1344	ComplexID_1344
ComplexID_1408	ComplexID_1408
ComplexID_1440	ComplexID_1440
ComplexID_1440	ComplexID_1441
ComplexID_1440	ComplexID_1443
ComplexID_1440	ComplexID_1444
ComplexID_1440	ComplexID_1477
ComplexID_1440	ComplexID_1478
ComplexID_1440	ComplexID_1656
ComplexID_1440	ComplexID_1657
ComplexID_1440	ComplexID_1481
ComplexID_1440	ComplexID_1482
ComplexID_1440	ComplexID_1459
ComplexID_1440	ComplexID_1460
ComplexID_1440	ComplexID_1652
ComplexID_1440	ComplexID_1653
ComplexID_1440	ComplexID_1673
ComplexID_1440	ComplexID_1674
ComplexID_1440	ComplexID_1429
ComplexID_1440	ComplexID_1430
ComplexID_1440	ComplexID_1432
ComplexID_1440	ComplexID_1433
ComplexID_1440	ComplexID_1437
ComplexID_1440	ComplexID_1438
ComplexID_1440	ComplexID_1263
ComplexID_1440	ComplexID_1264
ComplexID_1504	ComplexID_1504
ComplexID_1504	ComplexID_1507
ComplexID_1504	ComplexID_1505
ComplexID_1632	ComplexID_1632
ComplexID_1664	ComplexID_1664
ComplexID_1664	ComplexID_1663
ComplexID_1664	ComplexID_1665
ComplexID_1728	ComplexID_1728
ComplexID_1728	ComplexID_1726
ComplexID_1728	ComplexID_1729
ComplexID_1728	ComplexID_1731
ComplexID_1728	ComplexID_1724
ComplexID_1728	ComplexID_1730
ComplexID_1728	ComplexID_1732
ComplexID_1728	ComplexID_2026
ComplexID_1728	ComplexID_2028
ComplexID_1728	ComplexID_1725
ComplexID_1728	ComplexID_1727
ComplexID_1824	ComplexID_1824
ComplexID_1824	ComplexID_1825
ComplexID_1824	ComplexID_1559
ComplexID_1856	ComplexID_1856
ComplexID_1856	ComplexID_1855
ComplexID_1856	ComplexID_1259
ComplexID_1856	ComplexID_1258
ComplexID_1888	ComplexID_1888
ComplexID_1888	ComplexID_1890
ComplexID_1888	ComplexID_1889
ComplexID_1888	ComplexID_1891
ComplexID_2080	ComplexID_2080
ComplexID_2080	ComplexID_2081
ComplexID_2080	ComplexID_2082
ComplexID_1	ComplexID_1
ComplexID_1	ComplexID_110
ComplexID_1	ComplexID_50
ComplexID_1	ComplexID_51
ComplexID_1	ComplexID_52
ComplexID_1	ComplexID_25
ComplexID_1	ComplexID_26
ComplexID_1	ComplexID_29
ComplexID_1	ComplexID_27
ComplexID_1	ComplexID_28
ComplexID_33	ComplexID_33
ComplexID_193	ComplexID_193
ComplexID_225	ComplexID_225
ComplexID_225	ComplexID_150
ComplexID_225	ComplexID_151
ComplexID_353	ComplexID_353
ComplexID_449	ComplexID_449
ComplexID_545	ComplexID_545
ComplexID_545	ComplexID_546
ComplexID_577	ComplexID_577
ComplexID_641	ComplexID_641
ComplexID_641	Test_ComplexID_643
ComplexID_641	ComplexID_642
ComplexID_641	Test_ComplexID_644
ComplexID_705	ComplexID_705
ComplexID_993	ComplexID_993
ComplexID_993	ComplexID_991
ComplexID_993	ComplexID_992
ComplexID_993	ComplexID_994
ComplexID_1217	ComplexID_1217
ComplexID_1217	ComplexID_1219
ComplexID_1217	ComplexID_1216
ComplexID_1217	ComplexID_1218
ComplexID_1281	ComplexID_1281
ComplexID_1345	ComplexID_1345
ComplexID_1345	ComplexID_1197
ComplexID_1345	ComplexID_1820
ComplexID_1409	ComplexID_1409
ComplexID_1409	ComplexID_1411
ComplexID_1409	ComplexID_1410
ComplexID_1409	ComplexID_1412
ComplexID_1473	ComplexID_1473
ComplexID_1537	ComplexID_1537
ComplexID_1537	ComplexID_1539
ComplexID_1537	ComplexID_1538
ComplexID_1537	ComplexID_1540
ComplexID_1793	ComplexID_1793
ComplexID_1793	ComplexID_1791
ComplexID_1793	ComplexID_1792
ComplexID_1857	ComplexID_1857
ComplexID_1985	ComplexID_1985
ComplexID_1985	ComplexID_1982
ComplexID_2049	ComplexID_2049
ComplexID_2049	ComplexID_2047
ComplexID_2049	ComplexID_2048
ComplexID_2049	ComplexID_2046
ComplexID_2	ComplexID_2
ComplexID_98	ComplexID_98
ComplexID_130	ComplexID_130
ComplexID_194	ComplexID_194
ComplexID_226	ComplexID_226
ComplexID_258	ComplexID_258
ComplexID_290	ComplexID_290
ComplexID_290	ComplexID_60
ComplexID_290	ComplexID_160
ComplexID_290	ComplexID_36
ComplexID_354	ComplexID_354
ComplexID_354	ComplexID_355
ComplexID_354	ComplexID_356
ComplexID_354	ComplexID_357
ComplexID_418	ComplexID_418
ComplexID_450	ComplexID_450
ComplexID_514	ComplexID_514
ComplexID_514	ComplexID_516
ComplexID_514	ComplexID_515
ComplexID_514	ComplexID_517
ComplexID_674	ComplexID_674
ComplexID_706	ComplexID_706
ComplexID_706	ComplexID_707
ComplexID_706	ComplexID_709
ComplexID_706	ComplexID_1406
ComplexID_706	ComplexID_1407
ComplexID_706	ComplexID_708
ComplexID_706	ComplexID_704
ComplexID_706	ComplexID_703
ComplexID_706	ComplexID_594
ComplexID_770	ComplexID_770
ComplexID_770	ComplexID_771
ComplexID_770	ComplexID_772
ComplexID_770	ComplexID_494
ComplexID_770	ComplexID_439
ComplexID_770	ComplexID_600
ComplexID_770	ComplexID_601
ComplexID_770	ComplexID_769
ComplexID_802	ComplexID_802
ComplexID_802	ComplexID_805
ComplexID_802	ComplexID_803
ComplexID_802	ComplexID_804
ComplexID_962	ComplexID_962
ComplexID_962	ComplexID_961
ComplexID_1186	ComplexID_1186
ComplexID_1186	ComplexID_1188
ComplexID_1186	ComplexID_1187
ComplexID_1186	ComplexID_1185
ComplexID_1250	ComplexID_1250
ComplexID_1282	ComplexID_1282
ComplexID_1314	ComplexID_1314
ComplexID_1314	ComplexID_1315
ComplexID_1314	ComplexID_1316
ComplexID_1314	ComplexID_1313
ComplexID_1346	ComplexID_1346
ComplexID_1346	ComplexID_1347
ComplexID_1346	ComplexID_1348
ComplexID_1346	ComplexID_1349
ComplexID_1378	ComplexID_1378
ComplexID_1506	ComplexID_1506
ComplexID_1602	ComplexID_1602
ComplexID_1602	ComplexID_1603
ComplexID_1602	ComplexID_1604
ComplexID_1666	ComplexID_1666
ComplexID_1698	ComplexID_1698
ComplexID_1698	ComplexID_1701
ComplexID_1698	ComplexID_1694
ComplexID_1698	ComplexID_1697
ComplexID_1698	ComplexID_1700
ComplexID_1698	ComplexID_1702
ComplexID_1698	ComplexID_1695
ComplexID_1698	ComplexID_1696
ComplexID_1698	ComplexID_1699
ComplexID_1762	ComplexID_1762
ComplexID_1762	ComplexID_1763
ComplexID_1762	Test_ComplexID_1641
ComplexID_1794	ComplexID_1794
ComplexID_1826	ComplexID_1826
ComplexID_1986	ComplexID_1986
ComplexID_2018	ComplexID_2018
ComplexID_1028	ComplexID_1028
ComplexID_1028	ComplexID_1026
ComplexID_1028	ComplexID_1027
ComplexID_1124	ComplexID_1124
ComplexID_1124	ComplexID_1126
ComplexID_1220	ComplexID_1220
ComplexID_1252	ComplexID_1252
ComplexID_1252	ComplexID_1253
ComplexID_1380	ComplexID_1380
ComplexID_1380	ComplexID_1381
ComplexID_1476	ComplexID_1476
ComplexID_1508	ComplexID_1508
ComplexID_1572	ComplexID_1572
ComplexID_1860	ComplexID_1860
ComplexID_1860	ComplexID_1945
ComplexID_1988	ComplexID_1988
ComplexID_133	ComplexID_133
ComplexID_133	ComplexID_134
ComplexID_261	ComplexID_261
ComplexID_261	ComplexID_263
ComplexID_261	ComplexID_262
ComplexID_261	ComplexID_264
ComplexID_261	ComplexID_265
ComplexID_293	ComplexID_293
ComplexID_293	ComplexID_292
ComplexID_389	ComplexID_389
ComplexID_389	ComplexID_390
ComplexID_389	ComplexID_391
ComplexID_389	ComplexID_384
ComplexID_389	ComplexID_385
ComplexID_389	ComplexID_386
ComplexID_453	ComplexID_453
ComplexID_485	ComplexID_485
ComplexID_549	ComplexID_549
ComplexID_613	ComplexID_613
ComplexID_645	ComplexID_645
ComplexID_645	ComplexID_647
ComplexID_645	ComplexID_646
ComplexID_645	ComplexID_648
ComplexID_645	ComplexID_826
ComplexID_645	ComplexID_827
ComplexID_645	ComplexID_837
ComplexID_645	ComplexID_838
ComplexID_645	ComplexID_839
ComplexID_645	ComplexID_828
ComplexID_645	ComplexID_835
ComplexID_645	ComplexID_836
ComplexID_773	ComplexID_773
ComplexID_773	ComplexID_774
ComplexID_773	ComplexID_775
ComplexID_773	ComplexID_776
ComplexID_773	ComplexID_778
ComplexID_773	ComplexID_779
ComplexID_773	ComplexID_782
ComplexID_901	ComplexID_901
ComplexID_901	ComplexID_900
ComplexID_933	ComplexID_933
ComplexID_933	ComplexID_935
ComplexID_933	ComplexID_934
ComplexID_933	ComplexID_936
ComplexID_965	ComplexID_965
ComplexID_965	ComplexID_964
ComplexID_1029	ComplexID_1029
ComplexID_1029	ComplexID_1017
ComplexID_1029	ComplexID_1024
ComplexID_1029	ComplexID_1025
ComplexID_1029	ComplexID_1018
ComplexID_1029	ComplexID_1023
ComplexID_1029	ComplexID_1022
ComplexID_1029	ComplexID_1020
ComplexID_1029	ComplexID_1019
ComplexID_1061	ComplexID_1061
ComplexID_1157	ComplexID_1157
ComplexID_1157	ComplexID_1158
ComplexID_1157	ComplexID_459
ComplexID_1157	ComplexID_569
ComplexID_1157	ComplexID_570
ComplexID_1285	ComplexID_1285
ComplexID_1285	ComplexID_1286
ComplexID_1285	ComplexID_1954
ComplexID_1285	ComplexID_1955
ComplexID_1285	ComplexID_1956
ComplexID_1317	ComplexID_1317
ComplexID_1317	ComplexID_1318
ComplexID_1413	ComplexID_1413
ComplexID_1445	ComplexID_1445
ComplexID_1445	ComplexID_1479
ComplexID_1445	ComplexID_1658
ComplexID_1445	ComplexID_1265
ComplexID_1445	ComplexID_1442
ComplexID_1445	ComplexID_1675
ComplexID_1445	ComplexID_1654
ComplexID_1445	ComplexID_1431
ComplexID_1445	ComplexID_1434
ComplexID_1445	ComplexID_1439
ComplexID_1445	ComplexID_1483
ComplexID_1445	ComplexID_1461
ComplexID_1541	ComplexID_1541
ComplexID_1669	ComplexID_1669
ComplexID_1669	ComplexID_1671
ComplexID_1669	ComplexID_1670
ComplexID_1669	ComplexID_1672
ComplexID_1797	ComplexID_1797
ComplexID_1829	ComplexID_1829
ComplexID_1829	ComplexID_541
ComplexID_1925	ComplexID_1925
ComplexID_1957	ComplexID_1957
ComplexID_1957	ComplexID_1958
ComplexID_1989	ComplexID_1989
ComplexID_1989	ComplexID_759
ComplexID_1989	ComplexID_760
ComplexID_1989	ComplexID_1160
ComplexID_1989	ComplexID_899
ComplexID_1989	ComplexID_930
ComplexID_1989	ComplexID_932
ComplexID_1989	ComplexID_931
ComplexID_2021	ComplexID_2021
ComplexID_2056	ComplexID_2056
ComplexID_2056	ComplexID_2057
ComplexID_2056	ComplexID_2053
ComplexID_2056	ComplexID_2054
ComplexID_2056	ComplexID_2055
ComplexID_2088	ComplexID_2088
ComplexID_2088	ComplexID_2089
ComplexID_9	ComplexID_9
ComplexID_169	ComplexID_169
ComplexID_169	ComplexID_171
ComplexID_169	ComplexID_168
ComplexID_169	ComplexID_170
ComplexID_297	ComplexID_297
ComplexID_297	ComplexID_294
ComplexID_297	ComplexID_295
ComplexID_297	ComplexID_296
ComplexID_297	ComplexID_638
ComplexID_393	ComplexID_393
ComplexID_393	ComplexID_394
ComplexID_425	ComplexID_425
ComplexID_521	ComplexID_521
ComplexID_521	ComplexID_523
ComplexID_521	ComplexID_1933
ComplexID_521	Test_ComplexID_1935
ComplexID_521	ComplexID_1937
ComplexID_521	ComplexID_1939
ComplexID_521	ComplexID_692
ComplexID_521	ComplexID_1941
ComplexID_521	ComplexID_1943
ComplexID_521	ComplexID_522
ComplexID_521	ComplexID_524
ComplexID_521	ComplexID_1934
ComplexID_521	Test_ComplexID_1936
ComplexID_521	ComplexID_1938
ComplexID_521	ComplexID_1940
ComplexID_521	ComplexID_693
ComplexID_521	ComplexID_1942
ComplexID_521	ComplexID_1944
ComplexID_585	ComplexID_585
ComplexID_585	ComplexID_586
ComplexID_649	ComplexID_649
ComplexID_649	ComplexID_650
ComplexID_681	ComplexID_681
ComplexID_681	ComplexID_987
ComplexID_777	ComplexID_777
ComplexID_777	ComplexID_780
ComplexID_777	ComplexID_781
ComplexID_937	ComplexID_937
ComplexID_937	ComplexID_940
ComplexID_937	ComplexID_942
ComplexID_937	ComplexID_943
ComplexID_937	ComplexID_944
ComplexID_937	ComplexID_946
ComplexID_937	ComplexID_947
ComplexID_937	ComplexID_948
ComplexID_937	ComplexID_949
ComplexID_937	ComplexID_938
ComplexID_937	ComplexID_939
ComplexID_937	ComplexID_941
ComplexID_937	ComplexID_945
ComplexID_969	ComplexID_969
ComplexID_1001	ComplexID_1001
ComplexID_1001	ComplexID_1003
ComplexID_1001	ComplexID_1002
ComplexID_1033	ComplexID_1033
ComplexID_1033	ComplexID_1034
ComplexID_1033	ComplexID_1036
ComplexID_1097	ComplexID_1097
ComplexID_1097	ComplexID_1122
ComplexID_1097	ComplexID_551
ComplexID_1097	ComplexID_351
ComplexID_1097	ComplexID_864
ComplexID_1097	ComplexID_866
ComplexID_1129	ComplexID_1129
ComplexID_1225	ComplexID_1225
ComplexID_1225	ComplexID_1224
ComplexID_1289	ComplexID_1289
ComplexID_1417	ComplexID_1417
ComplexID_1417	ComplexID_1418
ComplexID_1513	ComplexID_1513
ComplexID_1577	ComplexID_1577
ComplexID_1577	ComplexID_1578
ComplexID_1737	ComplexID_1737
ComplexID_1801	ComplexID_1801
ComplexID_1833	ComplexID_1833
ComplexID_1865	ComplexID_1865
ComplexID_1897	ComplexID_1897
ComplexID_1897	ComplexID_1898
ComplexID_1961	ComplexID_1961
ComplexID_1961	ComplexID_1964
ComplexID_2025	ComplexID_2025
ComplexID_74	ComplexID_74
ComplexID_106	ComplexID_106
ComplexID_138	ComplexID_138
ComplexID_138	ComplexID_139
ComplexID_234	ComplexID_234
ComplexID_234	ComplexID_230
ComplexID_234	ComplexID_233
ComplexID_234	ComplexID_235
ComplexID_234	ComplexID_236
ComplexID_234	ComplexID_232
ComplexID_234	ComplexID_1223
ComplexID_234	ComplexID_1221
ComplexID_234	ComplexID_1222
ComplexID_234	ComplexID_231
ComplexID_266	ComplexID_266
ComplexID_266	ComplexID_267
ComplexID_266	ComplexID_1629
ComplexID_266	ComplexID_1630
ComplexID_426	ComplexID_426
ComplexID_554	ComplexID_554
ComplexID_554	ComplexID_744
ComplexID_554	ComplexID_745
ComplexID_618	ComplexID_618
ComplexID_842	ComplexID_842
ComplexID_842	ComplexID_844
ComplexID_842	ComplexID_1332
ComplexID_842	ComplexID_841
ComplexID_842	ComplexID_843
ComplexID_842	ComplexID_1331
ComplexID_874	ComplexID_874
ComplexID_874	ComplexID_875
ComplexID_874	ComplexID_876
ComplexID_874	ComplexID_1850
ComplexID_2027	ComplexID_2027
ComplexID_2027	ComplexID_2029
ComplexID_2059	ComplexID_2059
ComplexID_2091	ComplexID_2091
ComplexID_2091	ComplexID_2092
ComplexID_44	ComplexID_44
ComplexID_76	ComplexID_76
ComplexID_140	ComplexID_140
ComplexID_172	ComplexID_172
ComplexID_268	ComplexID_268
ComplexID_268	ComplexID_269
ComplexID_300	ComplexID_300
ComplexID_364	ComplexID_364
ComplexID_364	ComplexID_1101
ComplexID_364	ComplexID_363
ComplexID_364	ComplexID_1103
ComplexID_364	ComplexID_365
ComplexID_364	ComplexID_1102
ComplexID_396	ComplexID_396
ComplexID_396	ComplexID_395
ComplexID_460	ComplexID_460
ComplexID_460	ComplexID_462
ComplexID_460	ComplexID_461
ComplexID_492	ComplexID_492
ComplexID_812	ComplexID_812
ComplexID_812	ComplexID_814
ComplexID_812	ComplexID_817
ComplexID_812	ComplexID_811
ComplexID_812	ComplexID_813
ComplexID_812	ComplexID_818
ComplexID_812	ComplexID_737
ComplexID_812	ComplexID_735
ComplexID_812	ComplexID_1875
ComplexID_812	ComplexID_1876
ComplexID_812	ComplexID_1877
ComplexID_812	ComplexID_1878
ComplexID_812	ComplexID_865
ComplexID_812	ComplexID_608
ComplexID_812	ComplexID_607
ComplexID_812	ComplexID_868
ComplexID_812	ComplexID_870
ComplexID_812	ComplexID_1261
ComplexID_812	ComplexID_343
ComplexID_812	ComplexID_1203
ComplexID_812	ComplexID_1205
ComplexID_812	Test_ComplexID_349
ComplexID_812	ComplexID_345
ComplexID_812	ComplexID_352
ComplexID_812	ComplexID_346
ComplexID_812	ComplexID_347
ComplexID_812	ComplexID_348
ComplexID_812	ComplexID_350
ComplexID_812	ComplexID_714
ComplexID_812	ComplexID_716
ComplexID_812	ComplexID_719
ComplexID_812	ComplexID_720
ComplexID_812	ComplexID_727
ComplexID_812	ComplexID_729
ComplexID_812	ComplexID_736
ComplexID_812	ComplexID_738
ComplexID_812	ComplexID_741
ComplexID_812	ComplexID_743
ComplexID_812	ComplexID_726
ComplexID_812	ComplexID_728
ComplexID_812	ComplexID_713
ComplexID_812	ComplexID_715
ComplexID_812	ComplexID_722
ComplexID_812	ComplexID_724
ComplexID_812	ComplexID_739
ComplexID_812	ComplexID_731
ComplexID_812	ComplexID_733
ComplexID_812	ComplexID_740
ComplexID_812	ComplexID_742
ComplexID_812	ComplexID_734
ComplexID_812	ComplexID_721
ComplexID_812	ComplexID_723
ComplexID_812	ComplexID_344
ComplexID_812	ComplexID_1207
ComplexID_812	ComplexID_1209
ComplexID_812	ComplexID_1830
ComplexID_812	ComplexID_815
ComplexID_812	ComplexID_816
ComplexID_812	ComplexID_665
ComplexID_812	ComplexID_667
ComplexID_812	ComplexID_671
ComplexID_812	ComplexID_668
ComplexID_812	ComplexID_670
ComplexID_812	ComplexID_664
ComplexID_812	ComplexID_666
ComplexID_812	ComplexID_669
ComplexID_812	ComplexID_672
ComplexID_812	ComplexID_673
ComplexID_812	ComplexID_1206
ComplexID_812	ComplexID_1208
ComplexID_812	ComplexID_1057
ComplexID_812	ComplexID_1059
ComplexID_812	ComplexID_1272
ComplexID_812	ComplexID_1273
ComplexID_812	ComplexID_1270
ComplexID_812	ComplexID_1271
ComplexID_812	ComplexID_730
ComplexID_812	ComplexID_732
ComplexID_812	ComplexID_1202
ComplexID_812	ComplexID_1204
ComplexID_812	ComplexID_253
ComplexID_812	ComplexID_254
ComplexID_812	ComplexID_1515
ComplexID_812	ComplexID_251
ComplexID_812	ComplexID_252
ComplexID_812	ComplexID_1492
ComplexID_812	ComplexID_1494
ComplexID_812	ComplexID_1495
ComplexID_812	ComplexID_1055
ComplexID_812	ComplexID_1600
ComplexID_812	ComplexID_1601
ComplexID_1004	ComplexID_1004
ComplexID_1004	ComplexID_1005
ComplexID_1004	ComplexID_1006
ComplexID_1068	ComplexID_1068
ComplexID_1068	ComplexID_1069
ComplexID_1068	ComplexID_1070
ComplexID_1164	ComplexID_1164
ComplexID_1260	ComplexID_1260
ComplexID_1356	ComplexID_1356
ComplexID_1388	ComplexID_1388
ComplexID_1388	ComplexID_1389
ComplexID_1452	ComplexID_1452
ComplexID_1484	ComplexID_1484
ComplexID_1516	ComplexID_1516
ComplexID_1548	ComplexID_1548
ComplexID_1676	ComplexID_1676
ComplexID_1676	ComplexID_1677
ComplexID_1740	ComplexID_1740
ComplexID_1836	ComplexID_1836
ComplexID_1836	ComplexID_1839
ComplexID_1836	ComplexID_1840
ComplexID_1836	ComplexID_1838
ComplexID_1836	ComplexID_1835
ComplexID_1836	ComplexID_1837
ComplexID_1868	ComplexID_1868
ComplexID_1868	ComplexID_568
ComplexID_1932	ComplexID_1932
ComplexID_2060	ComplexID_2060
ComplexID_2060	ComplexID_2062
ComplexID_2060	ComplexID_2061
ComplexID_2124	ComplexID_2124
ComplexID_2124	ComplexID_2125
ComplexID_45	ComplexID_45
ComplexID_77	ComplexID_77
ComplexID_77	ComplexID_78
ComplexID_109	ComplexID_109
ComplexID_173	ComplexID_173
ComplexID_237	ComplexID_237
ComplexID_301	ComplexID_301
ComplexID_397	ComplexID_397
ComplexID_397	ComplexID_399
ComplexID_397	ComplexID_398
ComplexID_397	ComplexID_400
ComplexID_429	ComplexID_429
ComplexID_429	ComplexID_430
ComplexID_429	ComplexID_427
ComplexID_429	ComplexID_428
ComplexID_525	ComplexID_525
ComplexID_525	ComplexID_845
ComplexID_525	ComplexID_846
ComplexID_525	ComplexID_847
ComplexID_653	ComplexID_653
ComplexID_653	ComplexID_652
ComplexID_717	ComplexID_717
ComplexID_717	ComplexID_718
ComplexID_877	ComplexID_877
ComplexID_18	ComplexID_18
ComplexID_18	ComplexID_1765
ComplexID_274	ComplexID_274
ComplexID_274	ComplexID_275
ComplexID_274	ComplexID_1009
ComplexID_274	ComplexID_1010
ComplexID_274	ComplexID_1808
ComplexID_274	ComplexID_1807
ComplexID_370	ComplexID_370
ComplexID_402	ComplexID_402
ComplexID_402	ComplexID_403
ComplexID_402	ComplexID_404
ComplexID_402	ComplexID_405
ComplexID_402	ComplexID_406
ComplexID_402	ComplexID_407
ComplexID_434	ComplexID_434
ComplexID_498	ComplexID_498
ComplexID_498	ComplexID_499
ComplexID_658	ComplexID_658
ComplexID_658	ComplexID_657
ComplexID_690	ComplexID_690
ComplexID_1106	ComplexID_1106
ComplexID_1106	ComplexID_1108
ComplexID_1106	ComplexID_1111
ComplexID_1106	ComplexID_1109
ComplexID_1234	ComplexID_1234
ComplexID_1234	ComplexID_1235
ComplexID_1362	ComplexID_1362
ComplexID_1362	ComplexID_1363
ComplexID_1362	ComplexID_1365
ComplexID_1362	ComplexID_1361
ComplexID_1362	ComplexID_1364
ComplexID_1362	ComplexID_1366
ComplexID_1906	ComplexID_1906
ComplexID_2034	ComplexID_2034
ComplexID_2034	ComplexID_2035
ComplexID_2034	ComplexID_1813
ComplexID_2034	ComplexID_1814
Test_ComplexID_2066	Test_ComplexID_2066
Test_ComplexID_2066	Test_ComplexID_2067
ComplexID_2098	ComplexID_2098
ComplexID_2098	ComplexID_2097
ComplexID_2098	ComplexID_2096
ComplexID_19	ComplexID_19
ComplexID_115	ComplexID_115
ComplexID_115	ComplexID_116
ComplexID_115	ComplexID_117
ComplexID_115	ComplexID_118
ComplexID_115	ComplexID_68
ComplexID_115	ComplexID_69
ComplexID_115	ComplexID_13
ComplexID_115	ComplexID_119
ComplexID_115	ComplexID_62
ComplexID_115	ComplexID_63
ComplexID_115	ComplexID_1520
ComplexID_115	ComplexID_248
ComplexID_115	ComplexID_1088
ComplexID_115	ComplexID_1089
ComplexID_115	ComplexID_1091
ComplexID_115	ComplexID_1092
ComplexID_115	ComplexID_1094
ComplexID_115	ComplexID_1087
ComplexID_115	ComplexID_1090
ComplexID_115	ComplexID_1093
ComplexID_115	ComplexID_1095
ComplexID_115	ComplexID_1086
ComplexID_115	ComplexID_1521
ComplexID_115	ComplexID_1522
ComplexID_243	ComplexID_243
ComplexID_243	ComplexID_242
ComplexID_339	ComplexID_339
ComplexID_563	ComplexID_563
ComplexID_563	ComplexID_562
ComplexID_563	ComplexID_564
ComplexID_595	ComplexID_595
ComplexID_627	ComplexID_627
ComplexID_627	ComplexID_621
ComplexID_627	ComplexID_622
ComplexID_627	ComplexID_623
ComplexID_627	ComplexID_624
ComplexID_627	ComplexID_625
ComplexID_627	ComplexID_626
ComplexID_627	ComplexID_322
ComplexID_627	ComplexID_324
ComplexID_627	ComplexID_320
ComplexID_627	ComplexID_321
ComplexID_627	ComplexID_323
ComplexID_627	ComplexID_581
ComplexID_627	ComplexID_582
ComplexID_627	ComplexID_535
ComplexID_627	ComplexID_392
ComplexID_659	ComplexID_659
ComplexID_659	ComplexID_661
ComplexID_659	ComplexID_663
ComplexID_755	ComplexID_755
ComplexID_787	ComplexID_787
ComplexID_787	ComplexID_784
ComplexID_787	ComplexID_786
ComplexID_787	ComplexID_783
ComplexID_787	ComplexID_785
ComplexID_883	ComplexID_883
ComplexID_24	ComplexID_24
ComplexID_120	ComplexID_120
ComplexID_120	ComplexID_122
ComplexID_120	ComplexID_121
ComplexID_120	ComplexID_123
ComplexID_152	ComplexID_152
ComplexID_152	ComplexID_244
ComplexID_216	ComplexID_216
ComplexID_216	ComplexID_217
ComplexID_216	ComplexID_218
ComplexID_280	ComplexID_280
ComplexID_312	ComplexID_312
ComplexID_408	ComplexID_408
ComplexID_856	ComplexID_856
ComplexID_920	ComplexID_920
ComplexID_920	ComplexID_921
ComplexID_1080	ComplexID_1080
ComplexID_1080	ComplexID_636
ComplexID_1080	ComplexID_1081
ComplexID_1080	ComplexID_637
ComplexID_1496	ComplexID_1496
ComplexID_1496	ComplexID_1498
ComplexID_1496	ComplexID_1497
ComplexID_1496	ComplexID_1499
ComplexID_1496	ComplexID_892
ComplexID_1496	ComplexID_1161
ComplexID_1496	ComplexID_448
ComplexID_1496	ComplexID_888
ComplexID_1560	ComplexID_1560
ComplexID_1560	ComplexID_1566
ComplexID_1560	ComplexID_1562
ComplexID_1560	ComplexID_1564
ComplexID_1560	ComplexID_1561
ComplexID_1560	ComplexID_1567
ComplexID_1560	ComplexID_1563
ComplexID_1560	ComplexID_1565
ComplexID_1720	ComplexID_1720
ComplexID_1720	ComplexID_1719
ComplexID_1816	ComplexID_1816
ComplexID_1880	ComplexID_1880
ComplexID_1880	ComplexID_1884
ComplexID_1880	ComplexID_1885
ComplexID_1880	ComplexID_1882
ComplexID_1880	ComplexID_1809
ComplexID_1880	ComplexID_1994
ComplexID_1880	ComplexID_1881
ComplexID_1880	ComplexID_1883
ComplexID_1880	ComplexID_1993
ComplexID_1880	ComplexID_1774
ComplexID_1880	ComplexID_1278
ComplexID_1880	ComplexID_1277
ComplexID_1880	ComplexID_1768
ComplexID_1880	ComplexID_1995
ComplexID_1880	ComplexID_2001
ComplexID_1880	ComplexID_2003
ComplexID_1880	ComplexID_1997
ComplexID_1880	ComplexID_1999
ComplexID_1880	ComplexID_2005
ComplexID_1880	ComplexID_1778
ComplexID_1880	ComplexID_1796
ComplexID_1880	ComplexID_1776
ComplexID_1880	ComplexID_1893
ComplexID_1880	ComplexID_1777
ComplexID_1880	ComplexID_1803
ComplexID_1880	ComplexID_1810
ComplexID_2008	ComplexID_2008
ComplexID_2040	ComplexID_2040
ComplexID_2040	ComplexID_2006
ComplexID_2040	ComplexID_2000
ComplexID_2040	ComplexID_2009
ComplexID_2040	ComplexID_1996
ComplexID_2040	ComplexID_1998
ComplexID_2040	ComplexID_2004
ComplexID_2040	ComplexID_2002
ComplexID_185	ComplexID_185
ComplexID_185	ComplexID_362
ComplexID_281	ComplexID_281
ComplexID_313	ComplexID_313
ComplexID_377	ComplexID_377
ComplexID_409	ComplexID_409
ComplexID_697	ComplexID_697
ComplexID_793	ComplexID_793
ComplexID_793	ComplexID_791
ComplexID_793	ComplexID_792
ComplexID_825	ComplexID_825
ComplexID_825	ComplexID_824
ComplexID_857	ComplexID_857
ComplexID_857	ComplexID_858
ComplexID_889	ComplexID_889
ComplexID_889	ComplexID_2014
ComplexID_889	ComplexID_2016
ComplexID_889	ComplexID_1783
ComplexID_889	ComplexID_1785
ComplexID_889	ComplexID_640
ComplexID_889	ComplexID_639
ComplexID_889	ComplexID_1973
ComplexID_889	ComplexID_1712
ComplexID_889	ComplexID_1848
ComplexID_1343	ComplexID_1343
ComplexID_1503	ComplexID_1503
Test_ComplexID_1599	Test_ComplexID_1599
ComplexID_1631	ComplexID_1631
ComplexID_2079	ComplexID_2079
ComplexID_1011	ComplexID_1011
ComplexID_1011	ComplexID_1984
ComplexID_1011	ComplexID_1976
ComplexID_1011	ComplexID_1978
ComplexID_1011	ComplexID_1980
ComplexID_1011	ComplexID_1977
ComplexID_1011	ComplexID_1983
ComplexID_1011	ComplexID_1376
ComplexID_1011	ComplexID_1377
ComplexID_1107	ComplexID_1107
ComplexID_1107	ComplexID_1110
ComplexID_1107	ComplexID_1105
ComplexID_1171	ComplexID_1171
ComplexID_1171	ComplexID_1172
ComplexID_1171	ComplexID_1170
ComplexID_1267	ComplexID_1267
ComplexID_1267	ComplexID_1817
ComplexID_1267	ComplexID_1818
ComplexID_1267	ComplexID_1266
ComplexID_1395	ComplexID_1395
ComplexID_1395	ComplexID_1394
ComplexID_1523	ComplexID_1523
ComplexID_1619	ComplexID_1619
ComplexID_1619	ComplexID_1618
ComplexID_1619	ComplexID_615
ComplexID_1651	ComplexID_1651
ComplexID_1683	ComplexID_1683
ComplexID_1683	ComplexID_1686
ComplexID_1683	ComplexID_1682
ComplexID_1683	ComplexID_1685
ComplexID_1779	ComplexID_1779
ComplexID_1843	ComplexID_1843
ComplexID_1907	ComplexID_1907
ComplexID_1971	ComplexID_1971
ComplexID_1971	ComplexID_691
ComplexID_2099	ComplexID_2099
ComplexID_20	ComplexID_20
ComplexID_20	ComplexID_21
ComplexID_372	ComplexID_372
ComplexID_372	ComplexID_373
ComplexID_372	ComplexID_374
ComplexID_372	ComplexID_1972
ComplexID_372	ComplexID_616
ComplexID_372	ComplexID_617
ComplexID_468	ComplexID_468
ComplexID_468	ComplexID_467
ComplexID_596	ComplexID_596
ComplexID_596	ComplexID_597
ComplexID_596	ComplexID_598
ComplexID_596	ComplexID_599
ComplexID_628	ComplexID_628
ComplexID_660	ComplexID_660
ComplexID_660	ComplexID_662
ComplexID_756	ComplexID_756
ComplexID_756	ComplexID_757
ComplexID_852	ComplexID_852
ComplexID_852	ComplexID_789
ComplexID_852	ComplexID_788
ComplexID_884	ComplexID_884
ComplexID_1012	ComplexID_1012
ComplexID_1236	ComplexID_1236
ComplexID_1236	ComplexID_1240
ComplexID_1236	ComplexID_1239
ComplexID_1236	ComplexID_1237
ComplexID_1236	ComplexID_1241
ComplexID_1236	ComplexID_1238
ComplexID_1268	ComplexID_1268
ComplexID_1268	ComplexID_1269
ComplexID_1396	ComplexID_1396
ComplexID_1396	ComplexID_1398
ComplexID_1396	ComplexID_1399
ComplexID_1396	ComplexID_1401
ComplexID_1396	ComplexID_1397
ComplexID_1396	ComplexID_1400
ComplexID_1428	ComplexID_1428
ComplexID_1556	ComplexID_1556
ComplexID_1684	ComplexID_1684
ComplexID_1684	ComplexID_1687
ComplexID_1844	ComplexID_1844
ComplexID_1844	ComplexID_1845
ComplexID_1908	ComplexID_1908
ComplexID_2036	ComplexID_2036
ComplexID_2036	ComplexID_2038
ComplexID_2036	ComplexID_2037
ComplexID_2036	ComplexID_2039
ComplexID_91	ComplexID_91
ComplexID_155	ComplexID_155
Test_ComplexID_219	Test_ComplexID_219
ComplexID_283	ComplexID_283
ComplexID_283	ComplexID_1780
ComplexID_283	ComplexID_2011
ComplexID_315	ComplexID_315
ComplexID_315	ComplexID_552
ComplexID_315	ComplexID_314
ComplexID_315	ComplexID_553
ComplexID_763	ComplexID_763
ComplexID_763	ComplexID_764
ComplexID_763	ComplexID_765
ComplexID_923	ComplexID_923
ComplexID_923	ComplexID_922
ComplexID_1211	ComplexID_1211
ComplexID_1211	ComplexID_1213
ComplexID_1211	ComplexID_1210
ComplexID_1211	ComplexID_1212
ComplexID_1243	ComplexID_1243
ComplexID_1243	ComplexID_1245
ComplexID_1243	ComplexID_5
ComplexID_1243	ComplexID_10
ComplexID_1243	ComplexID_1244
ComplexID_1243	ComplexID_1246
ComplexID_1275	ComplexID_1275
ComplexID_1275	ComplexID_1276
ComplexID_1339	ComplexID_1339
ComplexID_1371	ComplexID_1371
ComplexID_1371	ComplexID_1373
ComplexID_1371	ComplexID_1370
ComplexID_1371	ComplexID_1372
ComplexID_1435	ComplexID_1435
ComplexID_1531	ComplexID_1531
ComplexID_1531	ComplexID_1532
ComplexID_1659	ComplexID_1659
ComplexID_1723	ComplexID_1723
ComplexID_1723	ComplexID_1199
ComplexID_1755	ComplexID_1755
ComplexID_1755	ComplexID_1756
ComplexID_1755	ComplexID_1754
ComplexID_1819	ComplexID_1819
ComplexID_1947	ComplexID_1947
ComplexID_1947	ComplexID_1946
ComplexID_1947	ComplexID_1991
ComplexID_2075	ComplexID_2075
ComplexID_2075	ComplexID_2076
ComplexID_2107	ComplexID_2107
ComplexID_2107	ComplexID_2108
ComplexID_92	ComplexID_92
ComplexID_124	ComplexID_124
ComplexID_188	ComplexID_188
ComplexID_188	ComplexID_189
ComplexID_316	ComplexID_316
ComplexID_444	ComplexID_444
ComplexID_444	ComplexID_446
ComplexID_444	ComplexID_445
ComplexID_444	ComplexID_447
ComplexID_540	ComplexID_540
ComplexID_572	ComplexID_572
ComplexID_572	ComplexID_573
ComplexID_604	ComplexID_604
ComplexID_604	ComplexID_606
ComplexID_604	ComplexID_1623
ComplexID_604	ComplexID_1625
ComplexID_604	ComplexID_603
ComplexID_604	ComplexID_605
ComplexID_604	ComplexID_1622
ComplexID_604	ComplexID_1624
ComplexID_604	ComplexID_1627
ComplexID_604	ComplexID_1628
ComplexID_924	ComplexID_924
ComplexID_956	ComplexID_956
ComplexID_956	ComplexID_955
ComplexID_988	ComplexID_988
ComplexID_1084	ComplexID_1084
