6ywc_C	6ywc_C
5ush_X	5ush_X
5kn5_C	5kn5_C
1kb5_A	1kb5_A
5otj_D	5otj_D
5jq6_A	5jq6_A
3vi3_C	3vi3_C
3vi3_C	3nig_A
3vi3_C	4irz_A
3u4e_J	3u4e_J
3u4e_J	3u2s_G
3u4e_J	1uwx_B
3u4e_J	4ywg_G
3u4e_J	6wit_C
3u4e_J	4ywg_Q
3u4e_J	6wit_I
3u4e_J	6uuh_E
3u4e_J	6u8c_B
7cj2_A	7cj2_A
6hxw_A	6hxw_A
4edw_V	4edw_V
6elu_A	6elu_A
6elu_A	6elu_J
6elu_A	6elu_G
6pi7_A	6pi7_A
4uuj_C	4uuj_C
4uuj_C	4msw_C
4uuj_C	6by3_C
5tq0_A	5tq0_A
5vqm_A	5vqm_A
2qqk_A	2qqk_A
2qqk_A	2qqn_A
2qqk_A	1iqd_C
5vyf_F	5vyf_F
6w7s_A	6w7s_A
6w7s_A	6wh9_D
5nh3_B	5nh3_B
5nh3_B	5ngv_A
5mhr_B	5mhr_B
4jr9_A	4jr9_A
6kyz_A	6kyz_A
6kyz_A	6kz0_J
1fj1_E	1fj1_E
1fj1_E	1rjl_C
6cw3_E	6cw3_E
6cw3_E	6cw3_G
3mxw_A	3mxw_A
6adb_A	6adb_A
3hmx_A	3hmx_A
6al5_A	6al5_A
4j4p_B	4j4p_B
4j4p_B	2h32_B
4j4p_B	6s5a_A
4j4p_B	1w72_B
4qti_U	4qti_U
4qti_U	6ion_A
6phb_I	6phb_I
6phb_I	6b08_A
6phb_I	6b0a_A
5eu7_B	5eu7_B
2jel_P	2jel_P
3lh2_V	3lh2_V
3lh2_V	3lh2_S
6ppg_G	6ppg_G
3r1g_B	3r1g_B
3r1g_B	3zkm_A
4liq_E	4liq_E
4liq_E	4k94_C
7chz_I	7chz_I
7chz_I	5mvz_U
6cw2_D	6cw2_D
6cw2_D	6cw3_F
6cw2_D	6cw3_H
3d85_C	3d85_C
6p67_G	6p67_G
6e62_P	6e62_P
6e62_P	6e63_P
4okv_F	4okv_F
3l95_X	3l95_X
3l95_X	6xsw_X
3pnw_O	3pnw_O
6u2f_A	6u2f_A
6u2f_A	5oca_B
4cni_C	4cni_C
4cni_C	4o9h_A
4cni_C	4zs7_A
3ru8_X	3ru8_X
4nzr_M	4nzr_M
6vgr_A	6vgr_A
5d8j_A	5d8j_A
6wgl_C	6wgl_C
6ks0_A	6ks0_A
6ks0_A	6ks1_A
1fsk_A	1fsk_A
4hjj_A	4hjj_A
3v6o_B	3v6o_B
3v6o_B	3v6o_A
5vkd_A	5vkd_A
5vkd_A	5w2b_A
5bv7_A	5bv7_A
2nr6_A	2nr6_A
6cmg_A	6cmg_A
4jzj_D	4jzj_D
4rdq_A	4rdq_A
6mei_C	6mei_C
6mei_C	6mej_C
6mei_C	4mwf_D
6mei_C	4mwf_C
6mei_C	7mww_E
6mei_C	6meh_C
6mei_C	6wo4_E
6mei_C	6uyd_F
6mei_C	6uyf_E
6mei_C	6wo3_E
6mei_C	6wo5_E
6mei_C	6wo5_F
6mei_C	7jtg_E
6mei_C	6uym_E
6mei_C	6uyd_E
6mei_C	4web_E
4fqj_A	4fqj_A
6umg_R	6umg_R
5b71_E	5b71_E
1uj3_C	1uj3_C
5x0t_E	5x0t_E
6s3d_M	6s3d_M
5hbt_B	5hbt_B
7daa_A	7daa_A
2xqb_A	2xqb_A
6ewb_C	6ewb_C
6ewb_C	6n81_A
6ewb_C	5kw9_A
5fhx_A	5fhx_A
6crk_G	6crk_G
4rrp_P	4rrp_P
4rrp_P	4rrp_M
4rrp_P	4rrp_R
4rrp_P	5eii_I
7lfa_C	7lfa_C
7lfa_C	7lf8_A
6crk_B	6crk_B
5ikc_N	5ikc_N
5dhv_M	5dhv_M
7kyo_B	7kyo_B
2uzi_R	2uzi_R
4xtr_B	4xtr_B
4xtr_B	4xvu_H
4xtr_B	4xtr_A
6y6c_A	6y6c_A
5f72_K	5f72_K
3ld8_A	3ld8_A
6u6u_R	6u6u_R
4qci_D	4qci_D
2adf_A	2adf_A
5lcv_A	5lcv_A
5lcv_A	5gzn_A
5lcv_A	5gzn_B
5lcv_A	5gzn_E
5lcv_A	6ivz_A
5lcv_A	6iw2_D
5lcv_A	3i50_E
5lcv_A	3uc0_B
5lcv_A	4uta_B
5lcv_A	4bz2_A
5lcv_A	1ztx_E
5lcv_A	6flb_G
5lcv_A	4ala_C
5lcv_A	6dfj_E
5lcv_A	5vic_E
5lcv_A	3uze_C
5lcv_A	3uze_D
6apb_C	6apb_C
7dm1_B	7dm1_B
1e6j_P	1e6j_P
5w5x_A	5w5x_A
5w5x_A	5w5z_A
5w5x_A	6qb6_A
5w5x_A	6qb3_A
7jum_A	7jum_A
5th9_A	5th9_A
4zfg_A	4zfg_A
6gku_A	6gku_A
5occ_A	5occ_A
7rk1_A	7rk1_A
3gi9_C	3gi9_C
1nca_N	1nca_N
1nca_N	6lxj_A
1nca_N	2aep_A
1nca_N	6q20_A
1nca_N	6n6b_A
1nca_N	6lxi_A
1nca_N	4qnp_A
1nfd_B	1nfd_B
1nfd_B	1kb5_B
4k2u_B	4k2u_B
4k2u_B	4k2u_A
4k2u_B	6oan_A
6wtu_A	6wtu_A
5y9j_A	5y9j_A
5nuz_C	5nuz_C
6m58_A	6m58_A
5vpl_A	5vpl_A
5vpl_A	3rvw_A
1lk3_A	1lk3_A
6h3t_B	6h3t_B
1ob1_F	1ob1_F
1ob1_F	6xqw_E
3q3g_G	3q3g_G
7s13_C	7s13_C
3w9e_C	3w9e_C
1xf5_L	1xf5_L
1xiw_B	1xiw_B
4uu9_D	4uu9_D
6iek_A	6iek_A
6iek_A	6iea_A
6j5f_A	6j5f_A
6j5f_A	6j5d_A
6j5f_A	7kyl_E
4f3f_C	4f3f_C
6cvk_D	6cvk_D
6iap_A	6iap_A
7m3i_C	7m3i_C
7m3i_C	6yla_A
7m3i_C	2dd8_S
7m3i_C	7chp_E
7m3i_C	6xkq_A
7m3i_C	7jn5_F
7m3i_C	7mmo_F
6lgw_F	6lgw_F
6lgw_F	6tou_G
4np4_A	4np4_A
6umx_A	6umx_A
6umx_A	5f3b_C
6umx_A	4kv5_C
6umx_A	4kxz_A
6umx_A	7rco_A
4i2x_E	4i2x_E
4i2x_E	4i2x_F
4i2x_E	6nms_C
3kr3_D	3kr3_D
6ktr_C	6ktr_C
5tih_A	5tih_A
1jrh_I	1jrh_I
6o1f_I	6o1f_I
6o3b_C	6o3b_C
6o3b_C	6o39_C
3b9k_B	3b9k_B
6oy4_A	6oy4_A
4rgo_S	4rgo_S
4zff_D	4zff_D
3o0r_B	3o0r_B
6nyq_C	6nyq_C
5veb_Y	5veb_Y
4ypg_D	4ypg_D
4ypg_D	4z5r_N
4ypg_D	3ux9_A
5nmv_K	5nmv_K
5nmv_K	4dtg_K
6jjp_F	6jjp_F
6jjp_F	6jbt_F
6jjp_F	6j15_D
6jjp_F	6j14_G
6jjp_F	5jxe_B
6jjp_F	5jxe_A
6jjp_F	6hig_B
6pe8_U	6pe8_U
6pe8_U	6mi2_C
6pe8_U	6ogx_G
6pe8_U	2h9g_R
6pe8_U	3tje_F
6pe8_U	5tl5_A
6pe8_U	5tlk_X
5wi9_A	5wi9_A
6lyn_C	6lyn_C
6u9s_C	6u9s_C
6u9s_C	5dfv_A
6umg_C	6umg_C
7l0n_F	7l0n_F
5e8d_A	5e8d_A
5wk3_C	5wk3_C
4zso_E	4zso_E
4zso_E	5xj4_A
4zso_E	5xxy_A
4cad_I	4cad_I
6i8s_A	6i8s_A
6i8s_A	6hx4_A
6i8s_A	6hx4_B
3grw_A	3grw_A
3grw_A	6j6y_A
3grw_A	4wv1_F
3grw_A	7o52_U
6mvl_A	6mvl_A
5d72_B	5d72_B
5d72_B	6bfq_G
4ffv_B	4ffv_B
6z2l_A	6z2l_A
6k65_A	6k65_A
6k65_A	1dee_H
6k65_A	3qwo_C
6svl_J	6svl_J
6svl_J	6svl_Q
6svl_J	6svl_N
6svl_J	6svl_R
6svl_J	6svl_F
6svl_J	6svl_C
3u9p_C	3u9p_C
7dfa_A	7dfa_A
7ce2_A	7ce2_A
6mlk_A	6mlk_A
6xlq_A	6xlq_A
6xlq_A	1pkq_E
6c9u_A	6c9u_A
4kuc_A	4kuc_A
7lj4_B	7lj4_B
7lj4_B	6pis_B
2oz4_A	2oz4_A
6g8r_B	6g8r_B
5ldn_A	5ldn_A
6pcu_A	6pcu_A
5o1r_A	5o1r_A
6rps_A	6rps_A
5bo1_A	5bo1_A
7jtr_A	7jtr_A
6mto_T	6mto_T
6xp6_D	6xp6_D
7o9s_A	7o9s_A
3mj9_A	3mj9_A
1a2y_C	1a2y_C
1a2y_C	5vjo_F
1a2y_C	1dzb_X
1a2y_C	1fbi_X
1a2y_C	1jhl_A
1a2y_C	4tsa_A
5x2q_D	5x2q_D
5x2q_D	5x2n_C
2r56_A	2r56_A
4qww_A	4qww_A
1v7m_V	1v7m_V
5cbe_F	5cbe_F
5cbe_F	6wzm_F
5cbe_F	6wzl_E
5cbe_F	6wzk_E
5cbe_F	6wzj_E
5cbe_F	5ob5_A
5cbe_F	4lmq_F
5cbe_F	4lmq_D
7cqc_A	7cqc_A
7cqc_A	6al0_A
7cqc_A	3wkm_B
5h35_C	5h35_C
7dha_A	7dha_A
1fns_A	1fns_A
1fns_A	3hi6_A
3nh7_A	3nh7_A
6rlo_J	6rlo_J
6wmw_B	6wmw_B
5d93_A	5d93_A
5d93_A	4ij3_A
2hmi_B	2hmi_B
7joo_C	7joo_C
3l5w_I	3l5w_I
3l5w_I	5l6y_C
3l5w_I	3l5w_J
3l5w_I	4ps4_A
7ahu_D	7ahu_D
7k93_C	7k93_C
7k93_C	7bsd_G
7k93_C	4oii_A
1nsn_S	1nsn_S
6crk_A	6crk_A
5tzu_C	5tzu_C
1bgx_T	1bgx_T
6hga_B	6hga_B
4dkf_A	4dkf_A
4dkf_A	4dke_B
4dkf_A	4dkf_B
2xwt_C	2xwt_C
2vxq_A	2vxq_A
4nik_A	4nik_A
3o2d_A	3o2d_A
7dc8_C	7dc8_C
1oaz_A	1oaz_A
5fb8_C	5fb8_C
2xtj_E	2xtj_E
2xtj_E	1cl7_I
2bdn_A	2bdn_A
1tpx_A	1tpx_A
1tpx_A	4ma7_A
1tpx_A	4yxl_A
1tpx_A	6sv2_A
4g7v_S	4g7v_S
3q1s_I	3q1s_I
5tud_A	5tud_A
5tud_A	7c61_A
5tud_A	6cbv_B
5tud_A	3vg9_A
1egj_A	1egj_A
3sob_B	3sob_B
2j88_A	2j88_A
1yy9_A	1yy9_A
1yy9_A	4krp_A
1yy9_A	6j71_A
1yy9_A	4leo_C
1yy9_A	6vep_Q
1yy9_A	6vep_W
1yy9_A	7kd6_W
5if0_G	5if0_G
5if0_G	4jpk_A
2q8a_A	2q8a_A
2q8a_A	2q8b_A
6qig_A	6qig_A
7ket_C	7ket_C
7ket_C	6xzw_D
7ket_C	6h2y_D
6pxh_B	6pxh_B
6a77_A	6a77_A
3nid_D	3nid_D
3nid_D	3vi4_D
1wej_F	1wej_F
4u0r_A	4u0r_A
4u0r_A	5mi0_A
4lu5_A	4lu5_A
4lu5_A	4m1g_B
2xqy_A	2xqy_A
5l0q_A	5l0q_A
3t2n_A	3t2n_A
3t2n_A	6vvu_B
3t2n_A	2zch_P
3t2n_A	3bn9_B
3t2n_A	6aod_C
3t2n_A	2wuc_A
3t2n_A	4ogy_A
3t2n_A	4d9q_A
3t2n_A	6m3b_A
3t2n_A	6lz9_B
3t2n_A	4dw2_U
3t2n_A	5e8e_H
3t2n_A	7ahu_C
3lhp_S	3lhp_S
6otc_A	6otc_A
6yio_B	6yio_B
6yio_B	3nfp_I
6yio_B	3iu3_I
6yio_B	3nfp_K
4f37_A	4f37_A
6vtw_A	6vtw_A
6cyf_A	6cyf_A
6ztr_I	6ztr_I
6ztr_I	6cxy_C
4ot1_A	4ot1_A
3u30_A	3u30_A
7n3c_C	7n3c_C
7n3c_C	7n3d_C
2xra_A	2xra_A
2xra_A	2cmr_A
2xra_A	4kht_A
2xra_A	6mtj_B
2xra_A	6nnf_B
2xra_A	6ck9_B
2xra_A	6wix_B
2xra_A	6vzi_B
2xra_A	6mug_B
4hwb_A	4hwb_A
5mo9_X	5mo9_X
5yoy_A	5yoy_A
5yoy_A	5wux_F
3lev_A	3lev_A
4plj_A	4plj_A
4plj_A	3rkd_A
4f2m_E	4f2m_E
1mhp_B	1mhp_B
1mhp_B	2b2x_B
4xak_A	4xak_A
4xak_A	6c6z_B
7ly3_A	7ly3_A
7ly3_A	7e7x_A
7ly3_A	7e7x_B
3skj_E	3skj_E
3skj_E	3skj_F
1ezv_E	1ezv_E
6b0s_C	6b0s_C
4aei_A	4aei_A
4ht1_T	4ht1_T
4d3c_A	4d3c_A
4d3c_A	6osh_K
4d3c_A	6ba5_M
4nnp_B	4nnp_B
5k59_B	5k59_B
5k59_B	4u6v_A
3wih_A	3wih_A
3ehb_B	3ehb_B
6id4_E	6id4_E
6id4_E	6uj9_A
6id4_E	3gjf_A
6id4_E	3cvh_A
6id4_E	6xp6_B
6id4_E	6ddr_C
6id4_E	6ddm_C
6id4_E	6oor_A
6id4_E	6fgb_A
6id4_E	2xtj_C
7rah_E	7rah_E
4qhu_C	4qhu_C
4qhu_C	6wio_C
4qhu_C	5n7w_X
4qhu_C	2vxs_D
4qhu_C	5hi3_A
4qhu_C	2vxs_B
6xxv_C	6xxv_C
6xxv_C	4jlr_C
6xxv_C	4jlr_S
6ye3_C	6ye3_C
6ye3_C	5utz_A
6ye3_C	4yqx_M
6ye3_C	4yue_C
4xp9_C	4xp9_C
5lsp_A	5lsp_A
4ag4_A	4ag4_A
2arj_R	2arj_R
4hc1_A	4hc1_A
3ks0_A	3ks0_A
5y11_C	5y11_C
4k3j_B	4k3j_B
1h0d_C	1h0d_C
6i07_D	6i07_D
5tq0_B	5tq0_B
5tq0_B	5b3j_C
5tq0_B	5b3j_D
2ybr_I	2ybr_I
5k9k_F	5k9k_F
5k9k_F	4o58_A
5k9k_F	6e4x_B
5k9k_F	5umn_B
5k9k_F	3gbm_B
5k9k_F	3gbn_B
5k9k_F	4hlz_F
5k9k_F	4r8w_B
5k9k_F	4r8w_A
5k9k_F	5gjs_B
5k9k_F	5gjs_A
5k9k_F	3gbn_A
5k9k_F	6uyn_A
5k9k_F	5w6g_A
5k9k_F	6ml8_A
5k9k_F	6q0l_A
5k9k_F	3gbm_A
5k9k_F	4hlz_A
5k9k_F	5dur_A
5k9k_F	6iuv_A
5k9k_F	4xnm_C
5k9k_F	4xnq_C
3o0r_C	3o0r_C
6mu6_G	6mu6_G
6mu6_G	6wix_G
6mu6_G	6mug_G
6mu6_G	3jwd_A
6mu6_G	3idx_G
6mu6_G	3jwd_B
6mu6_G	5i9q_A
6mu6_G	4lsr_G
6mu6_G	3ngb_D
6mu6_G	3ngb_G
6mu6_G	7jkt_G
6mu6_G	4rwy_A
6mu6_G	6mfp_G
6mu6_G	4lsv_G
6mu6_G	4lst_G
6mu6_G	4j6r_G
6mu6_G	5te4_G
6mu6_G	6bf4_A
6mu6_G	4xmp_G
6mu6_G	5te7_G
6mu6_G	4lss_G
6mu6_G	4ye4_G
6mu6_G	6mg7_G
6mu6_G	1g9n_G
6mu6_G	4ydj_G
6mu6_G	2ny7_G
6mu6_G	6xcj_G
6mu6_G	5ukr_G
6mu6_G	4i3r_G
6mu6_G	6ck9_G
6mu6_G	3u7y_G
6mu6_G	6vzi_G
6mu6_G	6was_G
6mu6_G	5w4l_G
6mu6_G	5fcu_G
6mu6_G	6tyb_G
4lvn_A	4lvn_A
1ors_C	1ors_C
4y5v_C	4y5v_C
4y5v_C	4y5v_F
4y5v_C	7kq7_B
5j13_A	5j13_A
1sy6_A	1sy6_A
5ggv_Y	5ggv_Y
5ggv_Y	1yjd_C
3s35_X	3s35_X
5xez_A	5xez_A
5xez_A	5xez_B
5xez_A	5e94_G
5xez_A	6o9i_C
5xez_A	6dkj_D
